location,property_type,area_marla,road_access,distance_to_main_road_m,water_available,electricity_available,irrigation_available,internet_quality,terrain,slope,residential_suitability,agricultural_suitability,price_pkr
reshun,residential,2.95,False,521,True,True,True,good,sloped,steep,low,high,1144876
booni,residential,10.31,True,1169,True,False,True,fair,sloped,moderate,low,low,6270360
chitral-city,agricultural,7.91,False,229,True,False,True,fair,mixed,steep,moderate,low,5625936
mastuj,residential,38.98,False,181,False,False,True,good,flat,low,high,low,18128999
booni,residential,34.93,False,589,False,False,True,fair,mixed,low,high,moderate,20314013
reshun,commercial,4.71,True,1113,True,True,False,fair,mixed,steep,high,high,2534150
chitral-city,residential,10.7,True,666,False,False,True,poor,sloped,steep,moderate,low,7783527
drosh,commercial,19.44,False,305,True,False,False,good,mixed,moderate,low,low,9509664
booni,residential,34.72,True,1305,True,False,True,fair,mixed,steep,moderate,high,20588143
mastuj,residential,27.85,True,1416,False,False,True,fair,mixed,low,moderate,low,12849790
reshun,agricultural,38.93,True,1059,True,False,True,poor,mixed,low,high,high,21642644
mastuj,agricultural,20.57,True,763,False,True,True,poor,sloped,low,low,high,9415175
booni,commercial,31.1,True,1371,False,True,False,good,sloped,moderate,low,high,21459508
reshun,residential,29.09,False,1395,False,False,False,poor,flat,low,low,moderate,8870814
mastuj,residential,24.36,True,165,True,True,True,poor,mixed,low,high,low,12990654
drosh,residential,22.49,False,517,False,False,True,poor,flat,steep,moderate,moderate,8487553
drosh,commercial,4.06,True,144,False,False,True,poor,flat,low,high,moderate,2373732
balach,agricultural,19.58,True,927,True,True,True,poor,flat,low,moderate,moderate,12674673
drosh,residential,8.26,True,819,False,False,False,fair,sloped,steep,high,high,3982814
balach,residential,13.27,True,1206,True,False,True,poor,sloped,moderate,high,high,7036400
mastuj,residential,34.35,True,1238,True,True,False,poor,sloped,low,high,high,15578419
booni,agricultural,26.98,False,554,True,False,True,fair,mixed,low,high,high,16330444
chitral-city,residential,2.35,True,170,True,False,True,fair,flat,low,moderate,moderate,2177101
mastuj,commercial,13.5,True,1387,False,True,True,fair,flat,low,high,high,6900770
chitral-city,commercial,10.0,False,436,False,False,False,poor,flat,steep,moderate,moderate,6411706
chitral-city,residential,26.21,False,350,False,False,True,poor,flat,steep,low,high,13541491
chitral-city,commercial,23.0,False,281,True,False,False,poor,mixed,low,high,low,21818926
chitral-city,commercial,35.6,False,1291,True,True,True,poor,mixed,low,low,high,31187547
drosh,commercial,34.83,True,566,True,True,False,poor,mixed,low,low,moderate,20751036
balach,residential,2.9,True,836,False,False,True,fair,mixed,steep,high,moderate,1589180
mastuj,agricultural,37.69,True,554,True,False,True,poor,sloped,moderate,moderate,high,18649377
drosh,commercial,39.4,True,808,True,False,True,good,mixed,low,high,high,26393374
reshun,commercial,27.48,False,903,True,False,False,good,flat,steep,moderate,high,11927363
drosh,agricultural,17.29,False,1155,True,True,False,good,mixed,steep,high,low,7058091
chitral-city,agricultural,22.82,True,642,False,True,False,good,sloped,steep,moderate,moderate,17445760
reshun,residential,21.42,True,1369,True,False,False,poor,flat,steep,moderate,low,10474375
balach,residential,3.76,False,1271,True,False,False,good,sloped,low,high,high,1921767
drosh,residential,7.61,True,238,False,True,True,good,sloped,moderate,low,high,3794847
booni,agricultural,7.07,False,1387,False,False,False,good,mixed,low,high,moderate,3321215
balach,commercial,12.54,False,1303,True,False,False,poor,sloped,moderate,low,moderate,5509283
mastuj,residential,7.26,True,804,True,True,True,fair,mixed,moderate,high,moderate,3661642
balach,agricultural,16.8,True,1199,False,False,True,fair,mixed,moderate,moderate,high,9834054
mastuj,commercial,36.12,False,469,False,False,False,poor,mixed,moderate,high,high,15328649
reshun,residential,33.94,True,1294,True,False,True,poor,sloped,moderate,low,moderate,13132910
chitral-city,agricultural,14.44,False,689,False,False,False,fair,mixed,low,moderate,low,8633154
booni,agricultural,10.52,True,1354,True,True,True,poor,flat,steep,low,low,6200283
reshun,residential,23.43,True,972,False,False,True,good,sloped,steep,high,low,10690291
balach,agricultural,6.11,True,658,False,False,True,poor,sloped,steep,high,low,2457480
chitral-city,commercial,24.82,True,1179,True,False,False,good,mixed,low,high,high,25125322
drosh,agricultural,6.01,False,1321,False,True,False,poor,sloped,steep,high,moderate,2098458
mastuj,agricultural,19.67,False,680,True,True,False,fair,flat,moderate,high,high,9057752
chitral-city,residential,20.78,False,392,False,True,False,fair,mixed,moderate,high,high,17105190
mastuj,residential,21.63,True,195,True,False,False,good,flat,steep,moderate,high,11363401
drosh,residential,5.54,True,848,True,False,False,fair,sloped,steep,moderate,moderate,2941599
mastuj,agricultural,15.37,False,574,False,False,True,poor,sloped,low,moderate,low,4786635
reshun,residential,9.28,False,586,False,True,True,fair,flat,moderate,low,moderate,3263332
mastuj,residential,12.42,True,1153,False,True,False,poor,flat,steep,moderate,moderate,5286946
chitral-city,residential,38.69,False,998,True,True,False,fair,flat,steep,high,high,28752435
balach,commercial,38.07,True,528,True,False,True,good,mixed,moderate,moderate,moderate,27456481
drosh,agricultural,23.61,True,1268,True,True,True,fair,sloped,low,low,low,11702484
booni,residential,2.1,False,1431,False,False,True,poor,mixed,steep,moderate,high,951062
booni,commercial,10.87,False,1300,True,False,True,good,flat,steep,low,moderate,6699086
booni,residential,8.31,False,1238,False,False,True,fair,sloped,moderate,high,moderate,4350995
mastuj,commercial,20.76,True,1244,True,False,False,good,mixed,low,low,low,11327589
mastuj,commercial,38.13,False,1200,True,True,False,good,sloped,moderate,moderate,low,18675229
drosh,commercial,32.94,True,982,False,False,False,fair,sloped,low,low,moderate,15968632
drosh,agricultural,27.18,False,1146,True,False,True,fair,mixed,moderate,low,moderate,12554953
booni,commercial,35.04,False,866,True,True,False,good,mixed,steep,moderate,low,21211392
mastuj,residential,37.25,False,1450,False,True,True,good,sloped,low,high,low,14353955
booni,commercial,17.5,True,252,False,True,True,fair,sloped,moderate,high,high,12922855
drosh,agricultural,11.26,True,805,True,True,True,fair,mixed,moderate,high,moderate,6793724
chitral-city,commercial,13.35,False,324,False,False,False,fair,sloped,steep,moderate,moderate,9617289
balach,commercial,11.07,False,498,False,True,False,good,mixed,steep,moderate,moderate,6497934
reshun,residential,20.82,True,278,False,True,False,poor,sloped,moderate,low,high,8634534
reshun,residential,4.84,False,713,False,True,False,good,sloped,moderate,moderate,high,1895657
drosh,commercial,3.36,True,500,False,True,True,fair,flat,steep,high,low,2058073
reshun,agricultural,36.33,True,684,True,False,False,fair,mixed,low,low,high,18478999
reshun,residential,8.46,True,1268,False,True,False,good,flat,low,moderate,high,4164641
chitral-city,commercial,2.36,False,609,True,True,False,fair,sloped,moderate,high,moderate,2207295
drosh,agricultural,9.57,False,1009,True,True,False,good,mixed,steep,moderate,high,4336639
reshun,agricultural,12.43,True,1261,False,False,True,good,mixed,low,high,low,5442304
reshun,commercial,31.16,True,1306,True,True,False,fair,flat,steep,moderate,high,16177688
chitral-city,agricultural,30.4,True,431,True,False,False,poor,mixed,moderate,moderate,high,28309296
booni,agricultural,38.59,True,482,False,False,True,fair,flat,moderate,high,low,22619574
reshun,commercial,27.55,False,1327,False,True,True,fair,flat,steep,high,moderate,13606155
balach,commercial,4.4,False,1455,False,False,True,poor,flat,low,moderate,moderate,2032109
balach,commercial,7.16,False,779,False,True,False,good,flat,moderate,high,moderate,4612872
chitral-city,residential,28.23,True,928,False,True,False,poor,sloped,moderate,high,high,22617744
drosh,agricultural,9.21,True,951,True,True,True,poor,mixed,low,low,high,5278196
mastuj,residential,24.28,True,692,True,True,False,poor,flat,steep,moderate,low,10980236
booni,residential,2.56,True,1225,False,True,True,fair,flat,low,high,moderate,1873403
reshun,residential,20.1,False,1071,True,False,True,good,flat,steep,high,high,8343529
reshun,residential,4.31,False,842,False,True,False,good,mixed,low,low,moderate,1694190
booni,residential,12.45,False,800,False,False,False,poor,sloped,low,high,high,6527863
mastuj,commercial,34.89,False,944,True,False,False,fair,mixed,moderate,high,low,14809645
chitral-city,commercial,11.69,True,1426,False,True,True,poor,flat,moderate,low,high,10723391
balach,commercial,4.28,False,1392,True,False,False,good,mixed,steep,low,moderate,2133859
chitral-city,residential,23.96,True,336,False,True,True,fair,sloped,moderate,low,moderate,19014398
drosh,commercial,39.03,True,1267,False,True,True,fair,sloped,moderate,moderate,moderate,19205365
balach,commercial,26.98,True,310,True,True,True,fair,mixed,moderate,moderate,low,18434583
reshun,agricultural,31.52,True,127,True,True,True,good,flat,moderate,moderate,high,19315255
mastuj,agricultural,17.74,True,1069,True,False,False,poor,mixed,steep,high,high,7483958
reshun,agricultural,3.73,False,1247,True,True,True,fair,flat,low,moderate,moderate,1676628
booni,agricultural,30.39,True,284,False,True,False,poor,mixed,steep,low,moderate,16781061
booni,agricultural,23.88,False,1473,False,False,True,fair,flat,moderate,low,high,12780444
reshun,agricultural,5.35,True,518,False,False,True,fair,mixed,steep,moderate,low,2038818
balach,residential,21.4,True,1106,True,False,False,good,sloped,low,low,low,11091852
balach,residential,24.89,True,382,False,False,False,good,sloped,steep,high,high,13115425
reshun,agricultural,7.74,True,980,False,False,False,good,flat,moderate,high,low,2971158
drosh,residential,4.16,False,177,True,False,False,good,sloped,steep,low,moderate,1890138
mastuj,commercial,9.15,False,1046,True,True,False,poor,mixed,steep,low,high,3686917
booni,residential,28.89,False,1093,True,False,False,fair,mixed,moderate,moderate,high,15699827
reshun,commercial,14.72,False,213,False,False,False,good,sloped,steep,low,moderate,5125418
reshun,residential,36.84,False,1363,False,True,True,fair,sloped,moderate,high,moderate,15247969
reshun,commercial,33.5,True,1343,False,False,True,fair,mixed,low,low,moderate,16990460
drosh,residential,10.61,True,337,True,False,True,good,sloped,steep,high,low,6038180
mastuj,residential,24.7,True,352,True,True,False,poor,mixed,moderate,high,high,12111259
drosh,commercial,12.83,False,499,True,False,False,poor,mixed,steep,high,moderate,6349921
chitral-city,agricultural,21.11,False,351,True,True,False,poor,sloped,moderate,moderate,high,17161803
reshun,commercial,34.34,False,191,True,False,False,good,flat,moderate,low,low,17691575
chitral-city,residential,17.77,False,1048,False,True,False,poor,mixed,low,low,moderate,12304486
reshun,commercial,14.74,True,301,True,False,False,good,flat,steep,moderate,moderate,8380736
booni,residential,11.73,True,1143,False,True,False,poor,mixed,low,low,low,6977085
mastuj,agricultural,4.39,False,1242,True,True,True,fair,mixed,low,high,moderate,1760617
drosh,residential,27.25,True,1092,False,True,True,fair,mixed,low,high,moderate,16937234
chitral-city,commercial,2.62,True,726,True,True,False,poor,flat,moderate,high,moderate,2958296
balach,commercial,19.66,False,1313,True,True,True,good,mixed,low,moderate,low,10992208
balach,residential,13.99,False,1075,False,False,False,poor,sloped,low,moderate,moderate,5952545
booni,commercial,14.61,True,773,False,False,False,fair,mixed,low,moderate,high,9871468
mastuj,agricultural,32.44,False,181,False,True,False,fair,flat,low,moderate,high,13721323
drosh,commercial,29.27,True,1432,False,False,False,poor,sloped,moderate,high,moderate,14527141
booni,residential,27.5,False,764,True,True,True,good,sloped,moderate,low,low,13552123
reshun,agricultural,15.76,True,1259,True,False,False,fair,mixed,low,high,low,6852398
drosh,agricultural,26.68,True,252,True,True,False,good,mixed,steep,low,moderate,16255014
reshun,agricultural,10.15,False,1441,False,True,True,poor,flat,moderate,low,high,4196125
booni,commercial,38.77,False,1387,False,True,False,fair,flat,steep,high,high,24858741
chitral-city,commercial,10.52,True,304,True,False,True,fair,sloped,steep,moderate,moderate,10054173
mastuj,residential,25.25,True,154,False,False,False,good,mixed,moderate,high,low,11351940
chitral-city,commercial,4.82,False,1412,False,True,True,poor,mixed,steep,low,low,3166111
chitral-city,residential,8.15,True,728,False,True,False,poor,sloped,steep,moderate,low,6177625
mastuj,commercial,5.55,True,1232,True,True,False,good,flat,low,low,low,3347505
mastuj,agricultural,26.74,False,1285,True,False,False,good,mixed,moderate,low,high,10154022
drosh,residential,28.17,True,920,False,False,False,poor,mixed,steep,low,moderate,12211021
chitral-city,commercial,39.54,False,836,True,False,True,fair,flat,moderate,low,moderate,29943175
balach,residential,3.92,False,1280,False,True,True,fair,sloped,steep,moderate,low,1708283
drosh,commercial,19.74,False,1038,True,True,False,good,mixed,low,low,high,10159182
booni,agricultural,20.81,False,605,True,True,False,poor,mixed,steep,moderate,moderate,10662694
drosh,residential,23.67,True,762,False,True,False,good,mixed,steep,moderate,high,12488851
booni,residential,39.05,False,784,False,False,True,poor,sloped,steep,moderate,high,14981593
booni,residential,29.12,False,1083,False,True,True,fair,sloped,moderate,low,moderate,14549692
reshun,agricultural,24.56,False,1471,False,False,True,fair,mixed,steep,low,moderate,8065680
reshun,commercial,25.91,False,563,True,True,False,poor,sloped,steep,high,high,12853347
drosh,residential,33.22,True,84,True,True,True,fair,mixed,moderate,low,moderate,20639682
drosh,commercial,31.45,False,147,True,True,False,good,mixed,steep,moderate,moderate,19460887
drosh,commercial,15.01,False,1404,False,False,True,poor,mixed,steep,moderate,low,6432040
chitral-city,agricultural,28.79,False,669,False,False,False,fair,flat,steep,high,high,18389669
drosh,agricultural,38.28,True,614,True,False,True,fair,mixed,steep,moderate,high,21413815
balach,commercial,12.3,False,301,True,True,True,poor,sloped,steep,low,high,5824300
booni,agricultural,14.55,False,225,True,True,True,fair,sloped,moderate,moderate,high,9066801
chitral-city,agricultural,12.85,True,203,True,True,True,fair,flat,low,moderate,moderate,12796560
reshun,agricultural,35.32,True,631,True,False,False,fair,sloped,steep,high,moderate,16274811
balach,commercial,19.78,True,250,False,True,False,good,mixed,steep,low,low,13102908
chitral-city,commercial,27.63,True,379,False,False,False,poor,mixed,steep,low,low,23430701
drosh,agricultural,37.56,True,554,False,True,False,fair,mixed,moderate,high,high,20606606
chitral-city,commercial,15.66,True,147,True,False,False,poor,mixed,steep,high,high,16554658
reshun,residential,26.27,False,772,True,True,True,fair,flat,moderate,high,high,12162862
reshun,commercial,36.69,True,526,True,False,False,poor,sloped,low,low,high,19773639
balach,commercial,22.39,True,691,False,True,True,good,sloped,moderate,low,high,13370570
booni,agricultural,7.01,False,955,True,False,False,good,flat,moderate,moderate,low,3633181
mastuj,residential,3.72,False,1454,True,True,True,fair,flat,moderate,moderate,low,1658209
reshun,commercial,26.54,False,786,False,False,False,fair,flat,steep,high,high,10279418
chitral-city,residential,8.78,False,1103,True,True,True,poor,mixed,moderate,high,high,7002285
mastuj,agricultural,33.29,True,963,False,True,False,poor,sloped,low,low,high,14148995
booni,residential,9.83,True,1236,True,False,True,poor,sloped,low,moderate,moderate,5868512
balach,residential,7.33,False,499,False,False,True,fair,flat,steep,high,low,3396346
chitral-city,residential,23.16,True,1302,False,False,True,fair,sloped,steep,moderate,high,15557303
drosh,agricultural,7.67,False,396,False,True,True,fair,sloped,low,moderate,low,3139284
drosh,commercial,22.14,False,517,False,True,False,good,flat,moderate,moderate,low,11823405
balach,residential,12.2,True,169,True,True,False,poor,mixed,moderate,low,low,8238602
reshun,residential,30.38,False,516,True,False,True,good,mixed,moderate,moderate,moderate,12929580
chitral-city,agricultural,11.94,False,974,True,False,False,poor,mixed,moderate,moderate,low,6782102
balach,commercial,7.55,False,1153,False,False,True,poor,mixed,low,moderate,high,3843475
drosh,commercial,26.88,False,547,False,False,False,poor,sloped,moderate,low,low,10755683
drosh,residential,36.84,True,1093,True,True,True,poor,mixed,low,high,low,20320286
balach,residential,10.31,False,784,True,False,False,poor,flat,steep,high,moderate,4547055
mastuj,commercial,12.44,False,55,False,True,True,poor,sloped,low,low,low,5330859
chitral-city,agricultural,12.16,False,181,False,False,False,good,flat,steep,low,moderate,8358832
booni,commercial,39.68,True,211,False,False,False,good,mixed,low,high,low,32742795
booni,agricultural,34.12,False,1178,True,True,True,poor,sloped,steep,moderate,moderate,15931717
booni,commercial,37.17,True,387,False,True,True,good,flat,steep,moderate,low,26669174
mastuj,residential,23.53,False,1406,False,False,True,good,sloped,low,high,high,9390309
booni,residential,18.61,True,717,False,False,True,good,mixed,moderate,moderate,low,10925328
drosh,agricultural,9.06,False,195,False,True,True,poor,mixed,low,moderate,high,4875768
balach,commercial,16.81,False,238,True,True,False,fair,mixed,moderate,low,low,9133972
drosh,agricultural,23.17,False,231,True,True,False,good,flat,steep,high,moderate,12527157
booni,agricultural,17.72,True,1165,True,True,False,poor,flat,moderate,moderate,moderate,11847225
booni,residential,18.52,False,633,False,True,False,fair,flat,steep,high,moderate,11037463
balach,agricultural,6.06,False,33,False,False,False,fair,mixed,moderate,moderate,high,3242740
balach,agricultural,14.19,True,1001,False,True,False,fair,mixed,steep,high,high,7737347
mastuj,residential,14.38,False,824,False,True,True,good,sloped,low,high,high,5214274
reshun,agricultural,37.83,True,917,False,True,False,good,mixed,low,high,moderate,16871692
reshun,residential,29.18,False,171,False,False,False,good,sloped,steep,moderate,high,9558039
chitral-city,commercial,36.03,True,243,True,False,True,good,sloped,low,high,high,40592042
drosh,agricultural,38.7,False,236,True,True,False,poor,sloped,steep,high,high,18373771
mastuj,residential,18.94,False,968,True,False,True,fair,flat,moderate,moderate,low,6766955
reshun,residential,15.24,False,952,True,False,False,fair,flat,moderate,high,high,6596541
booni,agricultural,3.7,True,66,False,True,True,good,flat,steep,low,high,2689830
mastuj,agricultural,38.42,True,849,True,True,False,fair,flat,steep,high,low,16258908
drosh,agricultural,2.17,True,441,False,True,True,good,flat,moderate,moderate,low,1152169
chitral-city,commercial,34.78,False,1242,False,False,True,fair,mixed,moderate,high,low,27647848
reshun,agricultural,36.91,True,1396,True,False,True,poor,mixed,low,low,moderate,18392631
mastuj,agricultural,17.89,True,1197,False,False,True,fair,sloped,steep,high,high,7782126
balach,commercial,8.34,False,307,True,False,False,good,flat,moderate,low,moderate,4313493
drosh,commercial,21.21,False,857,False,False,False,fair,flat,low,high,low,11322424
balach,agricultural,3.24,True,1121,False,True,False,good,sloped,moderate,high,high,1684505
booni,agricultural,31.45,False,1130,True,False,True,fair,flat,steep,high,low,14711575
booni,agricultural,11.99,True,919,True,True,True,good,sloped,steep,moderate,high,8761902
drosh,residential,25.41,True,443,True,False,False,good,sloped,low,moderate,high,13682078
mastuj,agricultural,38.19,True,297,False,True,False,good,flat,steep,low,low,15490515
chitral-city,residential,30.94,False,1022,True,False,False,fair,mixed,low,high,low,23724973
reshun,agricultural,28.4,False,951,False,False,True,good,flat,steep,moderate,high,11424945
chitral-city,residential,32.24,False,466,False,True,False,fair,mixed,moderate,moderate,high,23378157
mastuj,agricultural,31.96,True,114,True,False,True,poor,flat,moderate,moderate,low,16270625
drosh,residential,39.84,True,1351,False,True,False,poor,sloped,moderate,moderate,low,18545706
reshun,residential,3.97,False,1452,True,False,True,good,flat,low,low,moderate,1502116
mastuj,residential,21.74,False,39,True,False,True,fair,sloped,low,moderate,low,8697498
booni,commercial,32.63,True,661,False,False,True,fair,flat,steep,high,low,21316620
mastuj,residential,25.19,True,921,False,True,True,fair,sloped,steep,moderate,low,9358632
booni,residential,30.59,False,739,False,False,True,poor,mixed,steep,low,low,13062298
mastuj,commercial,25.09,True,1368,False,True,True,good,mixed,moderate,high,low,13959682
balach,agricultural,16.66,True,1043,True,True,False,fair,flat,moderate,high,moderate,9880942
reshun,residential,30.98,True,54,True,True,False,poor,flat,low,moderate,high,17608890
reshun,commercial,31.15,False,1457,False,True,True,fair,flat,moderate,low,high,14116847
balach,commercial,14.42,True,655,False,True,True,poor,flat,moderate,low,moderate,9071162
booni,agricultural,27.31,True,264,True,True,True,poor,mixed,moderate,high,high,22694989
reshun,agricultural,8.34,True,570,True,True,False,fair,mixed,steep,low,moderate,4212318
mastuj,commercial,4.93,False,1066,False,True,False,good,flat,moderate,low,moderate,2129196
mastuj,commercial,29.47,True,1062,True,True,True,poor,flat,moderate,moderate,moderate,17107520
balach,residential,23.01,False,479,False,True,False,good,mixed,moderate,low,high,10444287
mastuj,commercial,36.27,True,477,True,False,True,fair,mixed,moderate,moderate,low,18804079
booni,agricultural,9.63,False,1295,True,False,False,good,mixed,low,high,high,5927038
balach,residential,2.24,False,68,True,False,True,fair,flat,steep,moderate,high,1265739
booni,residential,22.13,True,879,False,True,True,good,mixed,low,low,low,15372182
mastuj,agricultural,28.63,False,958,True,True,True,good,mixed,low,high,high,12225860
reshun,residential,11.0,False,665,False,False,False,fair,mixed,low,low,low,3585105
mastuj,residential,7.91,True,940,False,False,False,poor,sloped,moderate,low,moderate,2635736
chitral-city,residential,5.44,False,1463,True,True,False,poor,flat,steep,low,moderate,3667718
booni,commercial,13.36,True,83,False,False,True,poor,mixed,low,low,low,8384912
balach,residential,9.53,False,782,True,False,True,poor,flat,low,high,moderate,5411415
booni,agricultural,6.66,False,123,True,False,False,fair,flat,moderate,high,moderate,3600688
balach,residential,12.45,False,324,True,True,False,fair,mixed,steep,moderate,low,5911623
drosh,residential,17.93,True,1311,True,False,False,fair,sloped,moderate,moderate,high,9041045
drosh,agricultural,8.83,False,1242,True,True,False,poor,mixed,steep,moderate,high,4283126
balach,residential,11.42,True,565,True,True,False,fair,flat,low,low,high,7213333
reshun,commercial,15.63,True,1460,False,True,True,fair,sloped,moderate,low,moderate,6603432
booni,residential,24.86,True,1098,False,True,False,good,flat,low,moderate,high,16477110
chitral-city,residential,2.83,True,247,False,True,False,good,sloped,moderate,high,low,2606094
chitral-city,residential,39.08,False,1329,False,False,True,good,sloped,steep,high,moderate,22906888
mastuj,residential,16.38,False,280,True,True,False,good,flat,low,high,moderate,9270366
mastuj,residential,26.31,True,1036,True,False,True,poor,mixed,moderate,low,high,11604229
booni,commercial,27.46,False,934,True,False,True,poor,sloped,low,moderate,moderate,16797508
reshun,residential,3.83,False,879,True,False,False,fair,mixed,steep,moderate,low,1512331
mastuj,commercial,30.81,True,353,False,True,True,fair,flat,moderate,moderate,low,14713208
balach,agricultural,8.11,True,1140,True,False,False,good,flat,moderate,high,low,4477539
drosh,residential,4.04,False,440,True,False,False,good,mixed,moderate,low,low,1601863
mastuj,commercial,33.91,True,131,False,True,False,poor,mixed,steep,high,high,17631379
booni,residential,9.86,False,187,False,True,False,fair,mixed,moderate,high,moderate,5590673
mastuj,agricultural,9.03,False,776,True,False,True,fair,mixed,moderate,moderate,low,3253083
mastuj,residential,7.74,True,195,False,False,True,good,flat,moderate,high,moderate,4264239
reshun,agricultural,23.76,True,995,False,True,False,good,flat,steep,high,high,12203460
reshun,commercial,7.6,False,374,True,True,True,poor,flat,moderate,low,high,3527720
reshun,residential,33.7,False,674,True,True,False,good,mixed,steep,moderate,moderate,14945594
booni,commercial,25.68,False,250,False,True,True,good,sloped,steep,low,low,14873112
booni,agricultural,34.96,False,861,False,False,False,good,sloped,moderate,low,low,14107146
balach,commercial,25.13,False,99,False,False,True,poor,sloped,moderate,moderate,moderate,11365025
chitral-city,agricultural,12.65,False,1445,True,True,True,fair,sloped,moderate,moderate,moderate,9670298
mastuj,commercial,5.39,False,452,False,False,False,poor,sloped,low,low,moderate,1945915
drosh,residential,31.66,True,375,True,True,True,poor,flat,moderate,low,moderate,18512888
chitral-city,agricultural,33.29,False,1321,True,True,True,fair,mixed,steep,moderate,low,24413151
drosh,commercial,22.95,False,354,False,True,False,poor,mixed,low,low,high,11323533
balach,residential,26.6,True,571,False,True,True,fair,flat,steep,low,high,15566732
balach,agricultural,25.12,False,1479,False,False,False,fair,mixed,moderate,low,moderate,9155808
mastuj,commercial,17.09,True,35,False,False,False,good,flat,moderate,low,moderate,9539062
reshun,agricultural,34.74,False,1363,False,True,True,good,flat,low,high,moderate,15498481
reshun,residential,29.41,False,625,False,False,False,fair,sloped,low,high,high,12588695
balach,agricultural,29.61,True,1425,False,False,False,poor,sloped,steep,low,moderate,11428535
balach,commercial,11.83,True,1412,False,True,True,fair,flat,steep,moderate,moderate,7769717
chitral-city,agricultural,11.9,False,969,True,False,True,good,sloped,steep,high,low,7041160
balach,commercial,6.55,False,1105,False,False,True,poor,flat,low,moderate,moderate,3595908
drosh,residential,14.02,True,185,False,False,True,fair,sloped,low,low,moderate,6535213
balach,commercial,31.05,False,200,True,False,False,fair,mixed,moderate,moderate,low,16365114
balach,commercial,16.18,True,679,True,True,True,good,sloped,low,low,high,11905898
chitral-city,residential,5.9,False,362,True,True,False,fair,mixed,steep,high,high,4837622
drosh,commercial,39.83,False,1023,False,True,True,fair,flat,low,low,high,21103502
balach,commercial,2.83,True,272,False,True,False,good,mixed,steep,high,low,2022537
booni,commercial,6.11,True,118,True,False,False,fair,flat,steep,moderate,moderate,4916894
balach,commercial,28.06,True,636,False,True,False,good,sloped,steep,low,moderate,17373498
booni,commercial,29.31,True,598,True,True,False,poor,sloped,low,moderate,high,24816531
chitral-city,commercial,17.57,True,100,False,True,False,fair,flat,low,low,high,16722409
booni,commercial,27.42,True,204,True,True,False,good,flat,moderate,moderate,moderate,23712189
booni,residential,35.22,False,757,False,False,True,poor,flat,low,low,high,16732544
chitral-city,agricultural,35.99,False,210,False,False,True,poor,mixed,moderate,moderate,moderate,25463462
reshun,agricultural,32.4,True,251,True,True,True,poor,mixed,steep,moderate,high,18648740
balach,commercial,16.43,False,1272,True,True,False,fair,flat,moderate,moderate,low,8967083
reshun,agricultural,2.47,True,1391,False,True,False,good,sloped,low,moderate,moderate,1151081
reshun,agricultural,7.65,True,43,True,False,False,poor,flat,moderate,moderate,low,3510853
chitral-city,residential,21.26,False,845,True,True,False,fair,sloped,moderate,low,moderate,14303755
booni,agricultural,30.32,True,230,False,False,True,good,sloped,low,low,high,23471663
reshun,agricultural,35.82,True,1360,False,False,False,poor,flat,moderate,moderate,high,16490532
mastuj,agricultural,29.23,False,1486,False,True,True,good,flat,low,moderate,moderate,12759406
chitral-city,commercial,21.84,True,113,True,False,True,good,sloped,steep,moderate,low,20122967
balach,residential,6.59,False,461,False,True,False,poor,mixed,low,high,high,3509466
drosh,agricultural,27.02,True,1041,True,True,False,good,mixed,steep,low,high,15561036
reshun,residential,5.94,False,1052,False,False,True,fair,mixed,moderate,moderate,moderate,2155318
balach,agricultural,24.9,False,1456,False,True,True,poor,sloped,steep,moderate,high,10544619
reshun,residential,39.29,True,1051,False,True,False,good,mixed,steep,high,high,20030458
reshun,commercial,35.97,False,885,True,True,True,fair,flat,low,high,low,18308710
balach,agricultural,27.97,True,147,False,True,True,fair,mixed,low,high,high,19886646
balach,commercial,26.59,False,506,False,True,False,fair,mixed,steep,moderate,high,12532360
reshun,agricultural,9.72,False,481,False,True,True,fair,mixed,low,high,low,3505643
balach,commercial,21.53,False,103,False,False,False,poor,flat,steep,moderate,low,10525004
reshun,residential,3.52,False,1242,True,False,False,good,sloped,moderate,low,high,1208319
balach,residential,21.78,True,871,False,True,False,poor,flat,steep,moderate,moderate,11566098
balach,commercial,22.16,True,254,False,False,True,good,sloped,steep,low,low,12943070
chitral-city,agricultural,36.81,True,810,False,False,True,good,mixed,steep,high,moderate,27773276
chitral-city,commercial,9.32,True,216,True,True,True,poor,sloped,steep,low,high,8582109
booni,residential,22.43,False,1344,True,True,True,fair,sloped,moderate,low,low,10668107
balach,agricultural,23.21,True,549,False,False,False,good,mixed,moderate,moderate,low,10962684
booni,commercial,2.22,True,1219,True,True,False,good,flat,moderate,high,moderate,1930619
chitral-city,agricultural,16.49,True,990,True,True,True,good,mixed,steep,moderate,high,14841360
reshun,commercial,26.62,True,1153,True,True,True,poor,sloped,steep,moderate,high,13658215
booni,agricultural,9.98,False,453,False,True,True,poor,flat,steep,moderate,low,4430388
reshun,commercial,34.39,False,1340,True,False,True,fair,flat,low,high,high,17271004
chitral-city,agricultural,6.87,True,224,False,True,True,fair,mixed,moderate,moderate,high,6869286
reshun,commercial,7.79,False,667,False,True,True,fair,flat,low,high,high,4108836
chitral-city,agricultural,7.1,False,1002,False,False,False,fair,mixed,steep,low,low,4036943
booni,agricultural,34.63,True,1123,True,False,True,good,flat,low,high,high,24070800
mastuj,commercial,17.4,True,95,False,False,True,fair,mixed,low,high,high,10234969
balach,agricultural,21.04,True,832,False,True,True,good,sloped,low,high,low,11249802
balach,commercial,38.05,True,1010,False,True,True,fair,flat,low,moderate,moderate,24029263
reshun,residential,21.68,False,814,False,False,True,poor,sloped,moderate,low,high,7320821
reshun,agricultural,33.73,False,1205,True,False,False,fair,sloped,steep,low,high,11419309
balach,commercial,17.42,False,1017,False,True,True,fair,flat,low,low,high,9479613
balach,residential,9.1,False,1252,True,True,False,fair,sloped,low,moderate,high,4689297
balach,commercial,8.13,False,65,True,True,True,good,sloped,low,low,high,5108362
mastuj,residential,4.12,False,388,False,True,False,poor,flat,moderate,high,moderate,1811078
balach,residential,33.55,True,1213,True,False,True,good,sloped,moderate,moderate,high,19444384
balach,agricultural,16.65,True,53,True,False,True,good,flat,low,moderate,high,12694329
mastuj,commercial,30.59,True,1007,True,True,False,good,mixed,moderate,low,high,15924726
balach,agricultural,32.0,False,737,True,False,True,fair,mixed,low,low,moderate,16135076
mastuj,agricultural,11.8,True,1472,True,True,True,fair,sloped,low,high,moderate,5630249
booni,residential,18.19,False,555,False,False,False,good,mixed,low,moderate,high,10370497
drosh,residential,16.07,False,539,False,False,False,good,flat,steep,low,high,5825969
reshun,residential,5.81,False,713,True,True,False,good,flat,low,low,moderate,2845064
drosh,residential,4.44,True,779,True,True,False,fair,sloped,steep,high,moderate,2575430
mastuj,residential,37.94,True,1331,False,False,True,poor,sloped,steep,moderate,low,12229565
mastuj,commercial,21.6,True,1279,True,True,False,poor,sloped,low,low,low,11647536
drosh,agricultural,27.45,False,1220,True,True,True,poor,sloped,moderate,high,high,14046669
chitral-city,agricultural,38.6,False,483,True,False,False,good,flat,moderate,low,moderate,28580313
mastuj,residential,21.12,False,259,False,False,False,fair,sloped,moderate,low,moderate,7370313
drosh,commercial,19.51,True,1007,True,False,True,fair,sloped,low,high,high,11239818
chitral-city,agricultural,38.31,True,1455,False,True,False,poor,mixed,steep,high,moderate,25331957
balach,agricultural,13.93,True,1194,False,True,True,fair,sloped,low,low,high,7976364
chitral-city,residential,10.71,True,1286,False,True,True,poor,flat,steep,high,moderate,9403852
mastuj,residential,34.22,False,1291,False,False,False,fair,flat,steep,moderate,moderate,10471033
mastuj,residential,4.06,False,999,True,False,False,good,flat,moderate,low,high,1521931
chitral-city,commercial,2.32,True,797,True,False,False,good,mixed,low,high,moderate,2298043
drosh,commercial,15.04,True,1041,False,True,False,good,mixed,moderate,moderate,moderate,8678192
mastuj,residential,39.21,True,224,False,True,False,fair,flat,low,high,low,21234500
booni,residential,18.02,True,1311,False,False,False,fair,sloped,steep,low,moderate,8187904
balach,residential,10.19,False,995,True,False,False,fair,mixed,moderate,high,high,5601470
chitral-city,agricultural,2.75,True,739,True,True,False,fair,mixed,steep,high,moderate,2416624
drosh,residential,16.48,False,969,True,True,False,fair,sloped,steep,high,moderate,8145049
booni,residential,8.16,True,662,False,False,False,good,sloped,moderate,moderate,moderate,5209913
chitral-city,commercial,24.3,False,867,True,True,True,poor,sloped,low,high,moderate,23148680
reshun,commercial,5.04,True,833,True,True,True,fair,sloped,low,low,moderate,2694141
booni,residential,11.97,True,192,False,False,True,poor,sloped,moderate,moderate,high,6623227
mastuj,residential,3.09,False,686,False,False,False,good,mixed,low,high,high,1157609
mastuj,agricultural,25.98,False,1092,False,False,False,good,flat,low,moderate,moderate,8760424
chitral-city,residential,13.54,True,1091,True,False,False,fair,sloped,low,high,moderate,13290075
drosh,agricultural,2.35,False,619,True,True,False,poor,mixed,steep,moderate,moderate,949350
reshun,commercial,26.55,False,471,False,True,False,good,flat,steep,high,high,13469268
chitral-city,commercial,30.23,False,865,True,True,True,poor,mixed,low,high,moderate,28141560
chitral-city,commercial,25.66,True,676,True,True,True,good,flat,low,low,moderate,26421312
reshun,agricultural,29.63,True,204,True,True,False,poor,mixed,moderate,moderate,moderate,16714018
drosh,commercial,32.07,False,184,True,True,False,fair,flat,steep,moderate,low,17222277
chitral-city,agricultural,33.47,True,1483,True,False,False,poor,sloped,low,low,moderate,27107501
booni,commercial,27.31,True,988,False,False,False,poor,sloped,steep,low,high,16022715
mastuj,residential,11.63,False,426,False,True,True,poor,flat,steep,moderate,moderate,3827996
chitral-city,commercial,6.55,True,38,True,False,True,fair,flat,low,low,moderate,6339532
mastuj,agricultural,37.37,True,142,False,True,True,poor,mixed,low,moderate,high,20455073
chitral-city,agricultural,29.86,True,1431,False,False,True,fair,flat,moderate,high,moderate,24139784
mastuj,commercial,20.62,True,1133,False,False,False,fair,sloped,steep,low,low,8029635
drosh,agricultural,33.14,False,949,True,False,True,poor,sloped,moderate,high,low,11406707
booni,commercial,38.75,False,408,False,True,False,fair,mixed,steep,moderate,low,20838277
reshun,residential,3.66,True,385,True,True,True,fair,flat,low,low,high,2038077
drosh,commercial,20.62,False,120,False,True,True,poor,flat,steep,moderate,low,10326091
reshun,residential,15.72,False,775,True,False,True,good,flat,moderate,low,low,6768517
booni,residential,29.56,False,408,True,True,True,good,sloped,steep,moderate,high,15751282
reshun,commercial,15.6,False,1458,False,True,True,poor,sloped,moderate,high,moderate,6802681
mastuj,commercial,18.83,False,665,False,False,False,good,mixed,steep,moderate,high,6828987
mastuj,residential,16.25,False,757,False,False,False,poor,sloped,low,moderate,high,4557514
balach,agricultural,2.25,True,459,False,True,False,good,sloped,steep,high,high,1180319
booni,agricultural,15.51,True,562,False,True,True,fair,mixed,low,high,moderate,10834001
balach,commercial,4.93,False,1008,True,False,True,good,sloped,moderate,low,high,2558129
drosh,residential,31.64,False,732,False,False,True,poor,sloped,steep,high,low,11427386
reshun,agricultural,4.06,True,673,True,False,True,poor,flat,steep,high,moderate,2131282
mastuj,commercial,21.18,True,904,False,False,True,poor,mixed,low,moderate,high,10098606
mastuj,agricultural,11.98,False,1047,False,True,True,fair,sloped,low,moderate,moderate,4444123
balach,commercial,25.41,True,516,True,False,False,fair,sloped,steep,low,low,15112622
drosh,agricultural,15.24,False,725,True,False,True,fair,sloped,moderate,high,low,5613068
balach,residential,28.04,True,195,True,True,True,good,flat,moderate,low,moderate,19762536
booni,agricultural,19.1,True,699,True,True,True,good,sloped,moderate,high,moderate,14119770
balach,commercial,28.55,True,791,True,False,True,poor,mixed,low,high,high,18328412
drosh,commercial,37.92,True,815,False,False,True,poor,mixed,steep,moderate,low,20291059
mastuj,commercial,5.78,False,1012,True,True,True,good,mixed,steep,high,low,2479658
mastuj,agricultural,14.68,False,341,True,False,False,fair,sloped,moderate,low,high,5237209
booni,commercial,11.79,False,80,False,True,True,fair,mixed,steep,low,low,7374584
mastuj,commercial,25.27,True,874,True,True,False,fair,sloped,moderate,moderate,high,12008805
reshun,residential,24.08,True,302,False,True,False,poor,sloped,steep,low,moderate,8881932
mastuj,commercial,6.5,False,318,True,False,False,fair,mixed,moderate,high,high,3242020
chitral-city,residential,31.61,True,289,True,True,False,good,sloped,steep,low,high,26955089
reshun,residential,15.65,False,294,False,False,True,fair,mixed,moderate,low,low,5233278
booni,agricultural,31.05,True,572,False,True,True,poor,flat,low,moderate,high,22961771
chitral-city,agricultural,35.73,False,849,True,False,False,fair,sloped,steep,high,high,22942602
reshun,commercial,31.9,True,944,False,True,True,good,sloped,moderate,high,low,17319920
mastuj,commercial,38.58,True,616,False,False,False,fair,mixed,low,moderate,moderate,19174131
booni,commercial,21.64,True,969,False,True,True,poor,sloped,steep,high,low,14178131
chitral-city,agricultural,2.95,False,1228,True,False,True,fair,mixed,steep,high,high,2257760
reshun,commercial,6.69,True,1466,False,False,True,good,sloped,moderate,high,high,3411427
balach,agricultural,22.91,True,369,False,True,True,poor,flat,steep,low,moderate,12540885
reshun,agricultural,12.97,True,260,True,True,True,good,mixed,low,moderate,moderate,8182350
mastuj,residential,25.1,False,507,True,False,False,fair,mixed,low,high,high,9773135
mastuj,agricultural,25.55,True,120,True,True,True,good,mixed,low,low,low,13901365
mastuj,agricultural,14.58,True,120,True,False,True,poor,sloped,moderate,high,high,7425412
mastuj,commercial,31.92,True,952,False,True,True,fair,mixed,moderate,moderate,low,16314968
mastuj,residential,13.13,True,269,False,False,False,good,flat,steep,low,high,5170950
mastuj,commercial,39.22,True,1010,False,False,False,fair,sloped,steep,high,moderate,18773465
mastuj,commercial,20.86,False,1028,True,True,False,poor,flat,low,low,moderate,9526315
booni,commercial,34.23,False,867,True,False,False,good,sloped,low,low,high,18618633
chitral-city,agricultural,32.03,False,634,False,True,True,good,mixed,moderate,moderate,high,25944738
booni,residential,9.37,False,1397,False,False,True,good,flat,moderate,low,high,4411046
mastuj,agricultural,19.57,False,134,False,False,True,poor,sloped,steep,moderate,moderate,5629730
balach,agricultural,33.95,False,788,True,False,True,good,flat,moderate,high,moderate,18103061
chitral-city,agricultural,5.3,True,781,False,False,True,good,mixed,low,low,moderate,4618882
balach,residential,18.86,True,1008,True,True,False,fair,sloped,steep,moderate,moderate,10070843
booni,commercial,27.72,True,440,True,False,False,good,sloped,low,low,moderate,21729328
reshun,commercial,35.13,False,976,True,True,False,poor,sloped,moderate,high,low,15928075
balach,agricultural,12.51,False,923,True,False,True,poor,mixed,low,low,high,6551128
booni,residential,22.62,False,575,True,False,True,poor,flat,moderate,high,moderate,13784759
booni,residential,3.1,True,236,False,True,True,fair,mixed,low,high,high,2542040
reshun,commercial,28.58,False,659,False,True,True,fair,sloped,low,low,high,11870642
drosh,agricultural,28.01,False,983,True,True,True,good,mixed,moderate,moderate,low,13151401
reshun,agricultural,31.97,False,948,False,True,True,fair,flat,moderate,moderate,moderate,13638151
chitral-city,agricultural,24.97,True,1060,True,False,True,fair,sloped,steep,low,moderate,19654422
drosh,commercial,17.71,True,1142,True,False,False,poor,mixed,low,high,high,10728569
drosh,commercial,31.92,True,374,True,False,True,good,sloped,moderate,moderate,high,17412731
drosh,residential,13.71,False,162,True,False,False,fair,sloped,steep,low,low,5229253
balach,commercial,36.32,True,320,True,False,False,fair,sloped,steep,moderate,low,20833884
chitral-city,agricultural,23.67,False,910,False,True,True,good,sloped,moderate,low,moderate,14503360
mastuj,residential,2.03,False,244,False,True,True,fair,sloped,steep,moderate,high,713020
drosh,agricultural,16.5,True,1376,True,False,True,poor,sloped,moderate,moderate,moderate,7499072
reshun,residential,7.1,True,1347,True,True,False,good,mixed,low,low,low,3780603
drosh,agricultural,35.96,False,1296,True,False,False,good,mixed,moderate,moderate,low,12738679
mastuj,residential,23.96,True,1478,False,False,False,poor,flat,steep,moderate,high,9133785
mastuj,agricultural,38.55,True,310,False,False,True,good,sloped,low,low,moderate,17266810
reshun,commercial,4.97,False,1275,True,False,True,fair,mixed,steep,moderate,high,2174608
drosh,agricultural,38.5,False,612,True,True,False,good,sloped,moderate,low,high,18897761
balach,commercial,3.96,False,1298,True,False,False,poor,flat,steep,low,moderate,1796190
mastuj,agricultural,12.46,False,49,True,True,True,good,mixed,moderate,low,moderate,6220018
balach,agricultural,8.87,True,722,True,True,True,fair,mixed,moderate,low,high,5795121
reshun,residential,10.01,False,131,False,True,True,poor,mixed,moderate,moderate,moderate,4069675
mastuj,residential,16.43,False,991,False,True,False,poor,mixed,moderate,moderate,high,5483138
mastuj,commercial,38.32,True,1108,False,False,False,fair,mixed,moderate,low,moderate,16709721
drosh,agricultural,31.38,True,1396,True,False,True,fair,sloped,low,high,low,16337667
booni,agricultural,5.71,True,1423,False,False,True,good,mixed,moderate,low,low,2887831
booni,residential,37.66,True,1247,True,True,True,good,flat,moderate,high,high,30010976
balach,residential,28.43,False,623,False,True,False,fair,mixed,steep,high,moderate,13376332
booni,agricultural,31.53,False,815,False,True,False,fair,flat,moderate,low,moderate,17518490
balach,commercial,16.92,False,242,True,False,True,good,sloped,low,moderate,high,9630457
booni,residential,4.68,False,933,True,False,True,good,sloped,low,low,high,2350543
balach,commercial,14.53,False,1196,True,False,False,fair,mixed,steep,low,high,6475256
drosh,commercial,33.08,False,268,False,False,False,fair,flat,steep,high,low,16392346
chitral-city,residential,33.96,False,1346,True,True,True,fair,sloped,low,moderate,high,25408397
booni,commercial,28.18,False,193,False,True,True,poor,flat,low,high,high,19094863
drosh,residential,32.12,False,1043,False,True,True,fair,flat,moderate,high,low,14889884
balach,commercial,27.36,False,1408,True,True,True,poor,sloped,low,moderate,high,13792216
mastuj,residential,11.22,True,49,True,True,False,poor,mixed,steep,low,high,4931292
booni,residential,20.89,True,149,True,False,False,good,sloped,moderate,moderate,low,16060437
mastuj,commercial,7.22,True,113,True,False,True,poor,mixed,low,moderate,low,4051864
mastuj,residential,18.67,True,293,True,False,True,poor,mixed,low,low,low,8177330
booni,commercial,26.77,False,872,False,True,True,poor,sloped,moderate,high,moderate,15213981
balach,commercial,28.28,True,1488,False,True,False,fair,mixed,low,high,low,18005628
mastuj,residential,25.52,True,970,True,False,True,poor,flat,low,high,moderate,12740904
balach,commercial,37.06,True,1340,False,False,True,fair,mixed,moderate,high,moderate,20524955
reshun,residential,37.14,True,343,True,False,True,poor,flat,steep,moderate,high,18102153
drosh,residential,30.39,False,491,True,False,True,poor,flat,steep,moderate,low,12912791
balach,residential,19.9,False,131,False,True,True,good,mixed,low,moderate,moderate,10185995
reshun,residential,26.02,False,434,False,True,True,good,sloped,low,moderate,low,9916435
drosh,agricultural,17.89,False,470,False,True,True,good,sloped,low,low,moderate,8754642
drosh,residential,24.48,False,591,True,False,True,poor,mixed,moderate,high,low,12334635
mastuj,residential,36.72,True,875,True,True,False,good,sloped,low,moderate,high,17953972
reshun,residential,19.19,True,190,True,False,True,poor,mixed,moderate,low,high,10024864
booni,agricultural,27.42,True,1460,False,True,False,fair,flat,steep,moderate,low,16027796
chitral-city,commercial,19.64,True,1304,True,False,False,good,flat,moderate,moderate,moderate,20305661
mastuj,commercial,23.86,True,1422,True,False,True,good,sloped,moderate,low,low,10800227
drosh,commercial,3.55,False,378,True,True,True,fair,flat,steep,low,high,1818619
mastuj,commercial,9.97,True,676,False,False,False,fair,flat,low,moderate,moderate,4977054
mastuj,commercial,33.52,False,1473,False,False,False,good,sloped,low,low,moderate,10932804
drosh,residential,12.96,True,243,True,False,True,good,flat,moderate,low,low,7515367
reshun,residential,13.14,True,990,False,False,False,good,sloped,low,moderate,low,5297215
balach,commercial,26.5,False,1205,False,False,False,good,sloped,steep,high,high,12508655
chitral-city,commercial,7.01,False,371,False,True,False,fair,mixed,low,low,moderate,5245424
balach,commercial,37.12,False,393,True,True,True,poor,flat,low,moderate,high,21526944
chitral-city,agricultural,9.01,True,1383,False,False,True,fair,mixed,steep,low,high,6839731
booni,agricultural,37.38,True,958,False,True,True,good,sloped,steep,moderate,high,25295370
drosh,agricultural,38.85,True,1177,False,False,True,good,mixed,low,low,high,21428294
chitral-city,residential,17.26,True,933,False,True,False,poor,sloped,steep,low,high,11946335
chitral-city,residential,2.86,False,1406,True,False,True,fair,mixed,steep,high,high,2223129
reshun,agricultural,17.11,False,777,False,False,True,fair,mixed,moderate,moderate,moderate,6289674
booni,residential,29.66,False,871,False,False,True,good,mixed,steep,moderate,low,14606592
mastuj,residential,7.46,False,992,False,True,False,poor,flat,moderate,high,moderate,2870656
mastuj,agricultural,28.99,True,428,True,False,False,good,mixed,low,moderate,high,14037960
mastuj,commercial,19.61,True,25,True,False,False,good,sloped,moderate,low,high,10484919
chitral-city,agricultural,8.82,True,78,True,False,False,poor,sloped,steep,moderate,high,7617095
drosh,agricultural,25.86,False,1441,True,False,True,fair,flat,steep,low,low,9815160
reshun,residential,15.58,True,578,False,False,False,poor,mixed,moderate,high,high,7804904
mastuj,residential,31.12,True,213,True,False,False,good,mixed,moderate,high,high,17147195
booni,commercial,24.04,True,46,True,False,False,fair,mixed,moderate,low,low,17103396
mastuj,residential,33.6,True,874,False,True,True,poor,flat,moderate,moderate,moderate,15540760
balach,agricultural,35.81,False,372,False,True,True,poor,flat,steep,low,high,17128973
balach,residential,6.95,True,890,True,True,True,fair,mixed,low,low,low,3840205
reshun,commercial,24.54,False,263,False,True,True,fair,sloped,low,low,low,11751363
balach,commercial,36.24,True,1393,False,True,True,poor,sloped,moderate,high,moderate,21637585
mastuj,commercial,25.29,True,222,True,True,True,fair,flat,steep,low,high,12665153
balach,commercial,34.35,False,770,True,False,True,poor,mixed,moderate,moderate,low,17628715
drosh,residential,30.93,False,273,False,True,True,fair,mixed,steep,moderate,high,14415721
booni,agricultural,20.76,False,600,False,False,False,poor,sloped,moderate,moderate,moderate,8225160
booni,agricultural,37.69,False,387,True,False,True,fair,mixed,steep,high,high,19993987
balach,agricultural,17.22,True,365,True,False,True,fair,flat,steep,moderate,low,9091327
drosh,commercial,20.97,False,1338,False,False,False,good,sloped,moderate,moderate,high,8523144
drosh,residential,6.64,False,1038,True,True,True,poor,sloped,low,low,moderate,2924243
balach,agricultural,24.97,False,332,False,True,True,good,sloped,moderate,moderate,low,10461366
drosh,agricultural,21.18,False,1127,True,True,False,poor,mixed,moderate,moderate,moderate,8903318
booni,residential,8.72,False,1466,True,False,False,poor,mixed,steep,moderate,moderate,4475462
mastuj,commercial,20.64,False,994,True,True,False,fair,mixed,steep,moderate,high,9231210
chitral-city,agricultural,4.33,True,282,False,False,True,good,mixed,moderate,low,moderate,3637840
chitral-city,agricultural,15.35,True,527,True,False,True,good,flat,moderate,low,moderate,13526226
mastuj,agricultural,3.42,False,1183,False,False,True,good,mixed,steep,low,moderate,1065971
drosh,agricultural,23.76,False,224,True,False,False,good,sloped,moderate,low,high,10896199
drosh,residential,20.88,True,1117,True,False,False,poor,mixed,steep,moderate,low,10448654
booni,commercial,34.08,True,1232,False,False,True,good,sloped,moderate,moderate,low,21260795
booni,commercial,33.3,False,906,False,True,False,fair,mixed,steep,high,moderate,20596670
mastuj,residential,35.47,True,1201,False,True,False,fair,sloped,steep,high,moderate,16655029
reshun,commercial,4.28,True,766,False,True,True,poor,sloped,steep,moderate,moderate,1936616
booni,commercial,9.74,False,566,False,True,False,good,sloped,low,moderate,low,5666437
balach,residential,11.33,False,970,False,False,False,good,flat,low,low,moderate,4651599
chitral-city,agricultural,27.03,True,1339,True,False,True,poor,flat,moderate,high,moderate,24909318
drosh,agricultural,27.52,True,832,True,True,True,good,sloped,steep,low,high,16414774
mastuj,commercial,11.57,True,507,True,False,False,good,sloped,moderate,high,high,5868523
drosh,residential,7.48,True,458,False,False,False,fair,sloped,low,moderate,high,3598878
booni,agricultural,22.74,False,1418,True,False,True,fair,mixed,steep,moderate,moderate,10424856
mastuj,residential,33.98,True,1434,True,False,False,fair,sloped,steep,moderate,high,13004352
balach,agricultural,16.76,False,543,False,True,True,fair,flat,low,moderate,high,9191795
reshun,agricultural,31.99,False,184,False,False,False,fair,sloped,moderate,low,low,10268991
mastuj,residential,15.37,False,948,True,True,True,good,mixed,steep,low,low,5626641
reshun,agricultural,13.92,True,246,True,True,True,good,sloped,moderate,moderate,moderate,7636733
reshun,residential,11.91,False,597,True,True,False,fair,flat,moderate,moderate,high,5238611
booni,commercial,26.59,True,202,False,True,False,good,flat,low,moderate,high,21808308
chitral-city,residential,5.38,False,368,True,True,False,fair,sloped,moderate,low,low,4005393
balach,agricultural,12.94,False,802,True,False,True,good,flat,moderate,high,high,6699112
balach,agricultural,32.11,True,614,False,True,False,poor,mixed,steep,high,high,17576414
booni,agricultural,7.06,False,1439,False,True,False,good,mixed,steep,high,moderate,3063920
mastuj,residential,3.98,True,984,False,True,True,fair,sloped,steep,moderate,moderate,1765844
reshun,agricultural,7.03,True,1208,True,False,True,good,mixed,moderate,moderate,low,2942589
reshun,commercial,18.45,False,259,False,True,True,fair,mixed,steep,moderate,moderate,7964109
chitral-city,commercial,33.52,False,1078,False,False,True,fair,sloped,moderate,low,high,21962683
reshun,commercial,32.33,True,406,True,True,True,poor,flat,moderate,moderate,low,19666881
drosh,residential,39.82,False,103,False,False,False,fair,mixed,low,high,low,17592084
booni,residential,34.99,True,364,False,True,True,good,sloped,low,moderate,low,22668289
drosh,commercial,5.58,False,73,False,True,False,fair,sloped,low,moderate,low,2706537
drosh,commercial,27.06,False,1306,False,True,False,poor,sloped,steep,moderate,moderate,12227422
reshun,commercial,6.91,True,1338,False,False,True,good,flat,steep,high,moderate,3286110
chitral-city,residential,11.12,False,202,True,True,True,fair,mixed,moderate,high,high,9238085
chitral-city,agricultural,32.44,False,1422,True,False,True,fair,sloped,low,moderate,moderate,24353570
drosh,agricultural,23.4,False,204,False,False,True,fair,sloped,moderate,low,low,8622446
drosh,commercial,10.52,True,1034,True,False,False,fair,flat,moderate,moderate,low,6905929
reshun,agricultural,33.98,False,625,True,True,True,good,flat,steep,moderate,moderate,14386511
reshun,commercial,23.6,False,747,False,True,True,poor,sloped,steep,moderate,low,9362771
drosh,residential,5.17,False,662,False,False,False,fair,flat,low,low,low,2221713
mastuj,agricultural,35.12,True,908,True,True,False,poor,flat,low,high,moderate,16775549
drosh,commercial,38.7,False,640,False,False,False,poor,flat,low,low,low,15929430
booni,commercial,38.88,True,448,False,True,True,fair,sloped,steep,low,low,23780444
drosh,residential,20.01,True,258,True,True,False,fair,mixed,low,moderate,high,12057047
chitral-city,commercial,33.52,False,124,False,True,True,good,sloped,moderate,moderate,moderate,29246108
mastuj,commercial,23.06,False,95,False,False,False,good,sloped,steep,high,high,10656804
drosh,residential,29.14,True,884,False,True,False,good,mixed,moderate,low,moderate,14890219
reshun,agricultural,19.04,False,62,True,False,True,fair,mixed,moderate,low,high,8622368
reshun,agricultural,37.03,False,288,False,False,False,good,sloped,steep,moderate,moderate,13050620
balach,commercial,9.87,True,1386,False,True,True,poor,flat,steep,moderate,low,6308786
drosh,agricultural,10.92,True,57,False,False,False,good,flat,low,high,low,6084795
chitral-city,agricultural,6.33,True,267,True,False,False,fair,mixed,low,high,moderate,6213466
reshun,commercial,24.96,True,1466,True,False,False,poor,flat,steep,high,low,14264379
booni,commercial,6.01,True,440,False,True,False,good,mixed,steep,moderate,high,4657522
balach,commercial,15.82,True,271,True,False,False,poor,flat,moderate,moderate,moderate,10926765
booni,agricultural,16.15,False,758,True,True,False,poor,flat,moderate,moderate,moderate,9633252
mastuj,commercial,15.75,True,926,True,True,True,poor,mixed,moderate,moderate,low,8043155
drosh,residential,27.09,True,1196,True,False,False,fair,sloped,steep,high,moderate,14555392
chitral-city,agricultural,2.3,False,1100,True,False,False,good,flat,steep,high,high,1732424
reshun,agricultural,35.73,False,424,False,True,True,good,mixed,moderate,high,high,16719377
balach,commercial,39.69,False,457,True,False,False,good,flat,low,low,high,23476409
balach,agricultural,29.61,True,142,False,False,False,poor,flat,steep,low,moderate,14704000
reshun,residential,19.22,True,1211,True,False,False,fair,sloped,steep,high,high,8302681
drosh,commercial,30.03,True,691,True,False,False,poor,flat,steep,moderate,moderate,16036799
booni,agricultural,35.76,False,459,False,True,False,good,sloped,moderate,high,high,19598940
drosh,agricultural,24.2,False,921,False,False,True,poor,sloped,low,moderate,high,9574137
reshun,commercial,34.8,True,1442,True,False,False,poor,sloped,low,high,moderate,20254269
booni,commercial,34.39,True,267,False,False,True,good,flat,low,moderate,moderate,29458444
chitral-city,agricultural,20.47,True,311,False,True,False,fair,flat,low,high,moderate,16293481
mastuj,agricultural,4.57,True,875,False,False,False,fair,mixed,moderate,high,high,1733982
balach,commercial,26.19,False,1386,False,True,False,poor,sloped,steep,high,moderate,12511676
drosh,agricultural,22.56,False,588,True,True,True,good,sloped,steep,moderate,high,11700340
reshun,commercial,5.24,True,1187,True,False,True,poor,sloped,steep,low,low,2210588
balach,residential,33.53,False,193,False,False,True,fair,flat,moderate,moderate,low,16108987
mastuj,agricultural,16.52,True,254,True,True,False,poor,flat,moderate,low,low,7504079
drosh,commercial,8.43,False,391,True,True,False,fair,flat,moderate,low,moderate,4869096
chitral-city,agricultural,37.78,True,126,True,True,True,fair,sloped,steep,moderate,low,31243851
chitral-city,agricultural,23.02,True,1011,True,False,True,poor,mixed,steep,high,high,18007547
mastuj,commercial,31.84,False,1183,False,False,True,good,sloped,low,low,moderate,11410668
balach,residential,22.43,False,1156,False,True,True,fair,sloped,moderate,high,low,9519319
drosh,agricultural,24.72,False,739,True,False,True,poor,sloped,steep,high,low,8099349
drosh,commercial,6.67,True,1159,False,False,True,good,sloped,moderate,high,moderate,3776237
reshun,agricultural,12.37,False,719,True,False,False,poor,sloped,low,high,low,3962370
booni,residential,27.56,False,1158,False,False,True,good,sloped,low,high,low,15649611
reshun,agricultural,27.55,False,790,False,False,True,good,flat,low,moderate,moderate,11809256
drosh,residential,10.42,True,595,False,True,True,good,sloped,moderate,high,low,5542334
drosh,agricultural,3.4,False,1461,True,True,True,good,mixed,low,moderate,high,1856521
balach,commercial,9.36,True,153,True,True,True,fair,sloped,low,high,high,7562136
balach,commercial,2.88,False,1414,False,True,False,good,sloped,steep,low,moderate,1290591
drosh,agricultural,6.63,False,1034,False,True,True,poor,mixed,moderate,high,moderate,2581677
drosh,residential,14.72,True,482,False,True,True,poor,flat,moderate,moderate,low,8160420
booni,residential,20.24,True,1233,False,False,True,poor,mixed,low,moderate,low,12742077
mastuj,residential,37.85,False,215,False,True,True,poor,flat,moderate,moderate,high,13995692
balach,residential,36.93,False,132,False,False,True,poor,sloped,low,high,low,17105568
drosh,agricultural,5.64,False,497,True,False,False,fair,mixed,steep,high,low,1977554
reshun,residential,19.25,False,1223,True,True,True,poor,sloped,steep,low,high,7061305
balach,commercial,6.79,False,747,False,False,False,poor,flat,low,low,low,2926955
mastuj,agricultural,21.5,False,657,True,True,False,fair,sloped,moderate,moderate,moderate,8891379
mastuj,commercial,26.99,True,137,True,True,False,fair,flat,low,high,low,17331886
chitral-city,residential,27.38,False,1248,False,False,False,fair,mixed,low,low,moderate,17516534
booni,agricultural,10.34,True,1328,True,True,False,good,flat,low,moderate,high,8498057
chitral-city,commercial,16.28,False,397,True,False,True,poor,mixed,low,high,low,13233761
drosh,residential,25.99,False,109,True,True,True,fair,flat,low,moderate,high,13648801
mastuj,residential,8.78,True,380,False,True,True,good,flat,moderate,high,low,4396784
balach,agricultural,19.34,False,782,True,False,True,poor,flat,low,low,low,8954324
reshun,agricultural,14.08,False,1322,True,True,True,good,mixed,low,moderate,low,5481395
chitral-city,residential,34.36,False,448,True,False,True,poor,sloped,moderate,high,high,24200829
mastuj,agricultural,8.8,False,1096,False,False,False,fair,sloped,moderate,high,high,2814228
balach,residential,36.01,False,500,False,True,False,fair,mixed,steep,low,moderate,14570022
booni,residential,30.56,False,930,False,True,True,fair,sloped,steep,moderate,moderate,14162352
drosh,agricultural,15.97,False,669,False,False,True,poor,mixed,low,moderate,high,6445386
booni,agricultural,34.02,True,586,True,True,True,poor,mixed,low,high,low,22660444
reshun,agricultural,11.5,False,410,True,False,True,fair,mixed,moderate,moderate,moderate,5000155
reshun,residential,19.94,True,834,True,True,True,fair,flat,steep,high,high,11353844
reshun,agricultural,14.95,True,661,True,False,False,poor,mixed,moderate,high,low,6092498
mastuj,residential,13.61,True,1043,False,False,True,fair,mixed,steep,moderate,high,5306683
chitral-city,commercial,2.88,True,304,True,False,False,fair,flat,moderate,low,high,2679486
drosh,residential,14.5,False,1328,False,True,True,poor,sloped,steep,low,low,5271213
mastuj,agricultural,3.02,True,162,False,False,True,poor,mixed,steep,high,low,1144676
chitral-city,commercial,2.42,False,861,False,True,True,poor,sloped,moderate,moderate,high,1560059
balach,residential,35.08,False,905,False,True,False,good,flat,steep,high,high,17804826
balach,residential,39.66,False,151,False,True,False,good,mixed,moderate,moderate,high,19046127
booni,agricultural,26.56,False,730,False,False,True,fair,flat,low,high,high,14815642
drosh,commercial,8.97,True,825,True,True,True,fair,sloped,steep,moderate,high,5611473
reshun,commercial,29.45,True,1030,False,True,False,poor,flat,steep,moderate,moderate,14544055
chitral-city,residential,21.23,False,74,True,False,False,fair,sloped,moderate,low,moderate,13756917
chitral-city,residential,28.95,True,689,False,False,False,poor,flat,steep,high,low,24888882
drosh,residential,19.89,False,350,True,True,True,poor,mixed,low,high,high,10316438
booni,commercial,31.02,False,334,False,False,True,poor,sloped,low,high,high,16926388
reshun,residential,33.79,True,819,False,False,True,good,flat,low,moderate,low,17601053
chitral-city,residential,9.6,True,883,True,True,False,poor,sloped,steep,low,low,8106892
booni,commercial,8.38,True,110,False,True,False,fair,sloped,steep,low,high,5281774
mastuj,agricultural,37.68,True,495,True,True,False,fair,flat,low,moderate,high,19762729
drosh,residential,19.43,True,1367,False,False,True,poor,flat,moderate,moderate,high,9281895
booni,commercial,22.37,True,535,True,False,False,good,sloped,low,moderate,low,17472922
reshun,agricultural,39.16,False,158,False,True,False,fair,sloped,steep,high,low,12657332
reshun,residential,10.84,True,652,True,False,True,good,flat,low,low,moderate,5610980
balach,residential,16.28,True,507,False,False,True,fair,mixed,steep,low,high,8322107
drosh,commercial,32.88,True,489,False,False,True,poor,sloped,low,high,low,19583923
reshun,commercial,10.45,False,1087,False,True,False,good,flat,low,moderate,low,5468263
booni,commercial,39.7,True,277,True,True,True,poor,sloped,low,moderate,high,31787487
balach,commercial,9.51,False,381,True,False,False,good,mixed,steep,low,moderate,5219509
drosh,residential,38.14,False,835,False,True,False,fair,mixed,steep,high,high,16200665
balach,agricultural,2.75,False,895,True,False,True,good,sloped,low,moderate,moderate,1334291
drosh,agricultural,16.26,False,167,False,True,False,poor,flat,low,low,low,7414703
reshun,commercial,16.22,False,871,False,False,False,fair,mixed,steep,high,low,6353719
booni,residential,16.62,True,417,False,False,False,good,sloped,moderate,high,high,10413009
booni,commercial,16.64,False,525,True,False,True,fair,sloped,steep,high,low,10568580
reshun,residential,11.93,False,1414,True,False,True,good,sloped,steep,low,low,3714984
booni,commercial,29.04,False,834,True,True,False,poor,mixed,moderate,high,moderate,19444795
mastuj,commercial,35.69,False,862,True,True,False,poor,mixed,steep,low,high,13687510
chitral-city,residential,39.51,False,23,True,True,False,good,mixed,steep,moderate,high,33450906
balach,agricultural,9.08,True,425,False,True,True,fair,sloped,low,low,low,4522465
balach,residential,11.86,False,922,True,True,True,fair,flat,moderate,low,moderate,5478174
booni,commercial,10.92,False,1397,True,True,True,fair,flat,steep,high,low,6917217
mastuj,residential,16.28,False,1015,False,False,False,fair,mixed,steep,moderate,moderate,5297366
chitral-city,commercial,17.14,True,749,False,True,True,fair,sloped,moderate,high,low,14505620
booni,commercial,12.62,True,774,False,False,False,good,flat,low,high,moderate,8669681
chitral-city,residential,38.84,False,1408,False,True,False,fair,sloped,steep,low,moderate,21475110
drosh,commercial,34.57,True,808,False,True,True,good,sloped,steep,high,low,18310302
booni,agricultural,33.63,False,364,False,True,False,good,sloped,low,low,low,15109813
reshun,commercial,5.4,False,1485,True,True,False,fair,mixed,low,high,moderate,2915136
reshun,residential,27.29,False,205,False,True,True,good,mixed,moderate,high,high,13303106
drosh,commercial,26.4,False,497,True,False,True,fair,flat,low,low,moderate,14236353
balach,commercial,37.8,False,280,False,False,True,fair,flat,steep,high,low,22546607
drosh,agricultural,31.31,True,1084,True,True,False,poor,sloped,moderate,moderate,low,15379850
chitral-city,residential,20.99,False,321,False,True,True,good,mixed,moderate,high,high,15343053
reshun,commercial,20.17,True,1033,False,False,True,fair,flat,steep,low,high,9788397
balach,commercial,29.96,True,1018,False,False,True,poor,sloped,moderate,moderate,moderate,16591137
chitral-city,agricultural,16.86,False,598,True,False,True,poor,mixed,steep,low,high,11841716
reshun,residential,23.93,False,1445,False,False,True,poor,flat,steep,low,high,7611868
chitral-city,commercial,34.53,True,1409,True,False,False,good,flat,low,low,moderate,36953938
balach,residential,6.46,False,1235,False,True,False,poor,flat,low,low,moderate,2927780
reshun,commercial,38.27,False,1436,True,False,False,fair,sloped,steep,moderate,moderate,13778190
booni,residential,6.64,True,67,False,False,True,good,flat,moderate,moderate,high,4895193
chitral-city,commercial,6.76,False,150,True,False,True,fair,sloped,steep,high,moderate,5192422
mastuj,commercial,29.12,True,444,True,True,True,poor,sloped,moderate,moderate,low,13680614
mastuj,residential,26.8,True,1171,False,True,True,poor,sloped,moderate,moderate,high,10253795
reshun,residential,11.44,True,1083,False,False,True,good,mixed,steep,moderate,high,5233591
chitral-city,commercial,22.45,True,1428,True,True,True,poor,flat,low,moderate,low,25618753
mastuj,commercial,10.21,False,588,True,False,True,good,mixed,moderate,moderate,high,4915769
drosh,agricultural,5.16,False,1405,False,True,True,poor,sloped,steep,moderate,high,2139877
balach,commercial,16.14,True,879,True,False,False,fair,flat,steep,low,low,9207983
mastuj,residential,27.99,False,155,False,True,False,fair,mixed,low,low,moderate,9883893
drosh,residential,16.39,True,272,True,False,False,poor,sloped,moderate,high,high,9972269
mastuj,agricultural,25.08,True,369,False,False,True,fair,sloped,steep,high,high,10694600
drosh,agricultural,24.51,False,39,True,True,True,fair,sloped,steep,moderate,low,12131829
reshun,agricultural,28.89,True,1408,False,False,True,fair,mixed,moderate,high,moderate,11796736
drosh,commercial,37.78,True,645,True,False,False,fair,flat,steep,low,low,22406437
booni,residential,23.86,True,605,False,True,False,good,sloped,steep,low,moderate,14106995
reshun,commercial,35.75,True,850,True,True,True,good,mixed,steep,high,high,20239696
reshun,commercial,38.13,True,1263,False,True,True,poor,flat,moderate,low,high,18107730
booni,agricultural,20.83,True,784,True,False,True,good,flat,moderate,moderate,moderate,13889071
balach,residential,30.04,False,465,False,True,False,good,mixed,low,moderate,low,16081621
chitral-city,agricultural,15.45,True,736,True,False,False,poor,flat,moderate,moderate,low,10596810
mastuj,residential,17.61,False,34,True,False,True,fair,mixed,moderate,moderate,moderate,7342273
balach,commercial,32.84,True,918,False,True,True,fair,sloped,moderate,low,moderate,19924982
reshun,residential,6.21,False,102,True,False,False,good,mixed,low,low,high,2550397
drosh,commercial,39.35,True,882,False,False,True,fair,mixed,steep,high,high,22517724
drosh,residential,6.17,True,63,True,True,False,good,flat,steep,low,low,3925079
chitral-city,agricultural,39.1,True,909,False,False,False,fair,flat,moderate,low,high,29378882
mastuj,residential,11.48,True,559,True,False,True,fair,sloped,low,high,high,5685253
balach,residential,39.72,True,489,True,True,False,poor,mixed,low,low,moderate,22080278
balach,residential,34.85,False,854,False,True,True,fair,mixed,moderate,low,high,14612392
booni,agricultural,6.18,False,594,False,False,True,fair,flat,low,low,low,2816030
reshun,agricultural,10.06,False,593,True,False,True,fair,mixed,moderate,moderate,moderate,3790225
reshun,residential,27.95,True,698,False,False,False,poor,sloped,moderate,low,high,10504381
booni,residential,25.92,True,104,True,True,False,poor,flat,steep,high,moderate,19414866
drosh,residential,22.28,True,109,True,True,False,good,sloped,moderate,high,moderate,15397449
drosh,commercial,29.26,False,158,False,False,True,poor,sloped,moderate,high,low,13243735
mastuj,residential,32.19,True,834,False,True,True,fair,sloped,moderate,high,moderate,14198250
chitral-city,residential,8.99,True,1191,True,True,False,good,sloped,steep,high,moderate,8001746
balach,agricultural,28.91,True,370,True,True,True,fair,flat,steep,low,moderate,20208944
chitral-city,residential,26.41,True,450,True,True,False,good,sloped,moderate,moderate,low,27142638
mastuj,agricultural,29.44,False,1272,False,False,True,good,flat,moderate,low,high,12453373
balach,agricultural,38.92,True,1499,False,False,True,fair,flat,moderate,moderate,low,19787724
drosh,residential,18.95,False,774,True,False,True,fair,flat,moderate,low,low,7463727
drosh,commercial,8.86,False,63,False,True,True,fair,sloped,steep,low,low,3801485
drosh,residential,19.29,False,225,True,True,True,fair,mixed,low,low,low,10341021
reshun,residential,7.02,True,568,True,True,True,poor,sloped,steep,moderate,high,3088290
balach,agricultural,30.87,False,354,False,False,False,poor,flat,low,high,high,13878262
mastuj,residential,2.81,True,230,False,True,False,poor,flat,low,low,low,1320837
balach,agricultural,26.9,True,1421,False,True,False,poor,flat,low,low,moderate,14575300
mastuj,agricultural,6.5,True,108,True,True,False,good,mixed,steep,low,high,3371084
reshun,commercial,13.46,False,733,True,False,False,good,mixed,moderate,high,low,6830489
balach,commercial,7.57,True,819,False,False,True,poor,sloped,moderate,high,moderate,4002981
chitral-city,residential,8.91,False,742,False,False,False,fair,sloped,moderate,high,high,5417725
reshun,residential,16.56,False,1123,False,True,False,poor,sloped,steep,moderate,high,5512075
reshun,commercial,10.33,True,501,False,True,True,poor,mixed,steep,moderate,low,5585794
booni,agricultural,15.71,True,623,False,True,False,poor,flat,low,low,high,10229524
reshun,commercial,7.44,True,1445,False,False,True,good,flat,steep,high,low,3834207
mastuj,residential,3.15,False,309,True,True,True,poor,sloped,moderate,low,low,1141232
balach,commercial,22.04,False,982,False,False,False,good,sloped,low,moderate,low,10030690
reshun,residential,24.96,True,1050,True,True,False,fair,sloped,moderate,high,high,13901089
mastuj,commercial,13.63,True,887,True,False,True,good,mixed,low,high,low,7393928
booni,residential,16.91,True,1438,False,False,False,good,sloped,moderate,moderate,low,8911156
chitral-city,commercial,18.12,False,242,True,True,False,good,mixed,low,low,moderate,15799484
booni,residential,10.05,True,653,True,True,True,poor,mixed,low,high,high,7066076
drosh,residential,3.83,True,652,True,False,False,fair,sloped,low,moderate,moderate,2185571
balach,commercial,27.64,False,854,True,True,True,good,mixed,moderate,high,low,16596202
balach,commercial,19.6,True,1491,True,True,True,good,flat,steep,high,high,14624174
mastuj,agricultural,19.0,True,714,False,False,False,poor,sloped,steep,moderate,low,5314375
mastuj,commercial,4.85,True,1181,False,True,True,poor,mixed,steep,low,moderate,1905064
chitral-city,residential,37.49,True,159,False,False,False,poor,flat,low,high,moderate,33356186
drosh,agricultural,31.0,False,1351,True,True,False,poor,mixed,moderate,moderate,moderate,14124001
reshun,residential,18.75,False,785,True,False,False,fair,sloped,low,high,high,7143189
balach,commercial,33.21,True,336,True,False,False,poor,sloped,moderate,low,low,18855545
drosh,commercial,5.55,False,979,False,True,True,poor,sloped,low,moderate,moderate,2382597
chitral-city,residential,14.06,False,455,False,True,False,fair,flat,steep,low,moderate,8660892
balach,agricultural,23.59,False,147,False,False,False,poor,flat,low,low,high,11618976
chitral-city,commercial,8.69,True,161,False,False,True,fair,sloped,moderate,moderate,high,7312355
chitral-city,residential,33.56,True,897,False,False,True,poor,mixed,moderate,moderate,moderate,24993856
balach,commercial,18.6,False,40,True,True,True,fair,sloped,steep,high,high,12313024
booni,residential,36.07,True,1042,False,True,False,fair,sloped,steep,low,moderate,21440403
balach,commercial,19.07,True,94,True,True,False,good,sloped,low,high,moderate,13962679
balach,residential,38.93,True,778,False,True,False,fair,sloped,low,high,moderate,23973477
drosh,agricultural,17.59,False,1130,False,False,True,poor,mixed,moderate,moderate,low,6065919
balach,commercial,18.56,False,1370,False,False,True,poor,flat,low,high,low,10155736
drosh,residential,20.86,True,1317,False,True,False,fair,flat,low,moderate,high,11332491
balach,agricultural,38.12,False,970,False,False,True,fair,flat,steep,moderate,moderate,16979848
chitral-city,agricultural,33.86,False,1398,True,True,False,poor,flat,low,low,moderate,27360859
mastuj,commercial,24.8,False,369,False,True,False,poor,sloped,steep,moderate,low,9821035
mastuj,agricultural,6.9,False,375,False,False,True,fair,flat,low,high,low,2392886
reshun,commercial,31.8,False,1152,True,False,True,poor,flat,low,moderate,low,15029557
mastuj,residential,3.06,True,1191,False,True,True,fair,sloped,steep,moderate,low,1174787
balach,agricultural,9.37,True,794,False,True,False,poor,flat,steep,low,high,5673738
booni,residential,19.45,True,239,True,False,False,poor,flat,low,moderate,moderate,15602109
balach,agricultural,5.83,True,867,True,False,True,poor,sloped,moderate,moderate,moderate,3200865
drosh,residential,8.83,True,385,True,True,False,fair,mixed,steep,high,high,4761580
mastuj,commercial,11.67,True,414,True,True,True,poor,mixed,low,low,low,5932327
balach,residential,29.65,True,568,False,False,True,poor,mixed,steep,high,high,15203115
reshun,agricultural,18.57,False,415,False,True,True,good,sloped,moderate,moderate,low,6815922
mastuj,agricultural,8.29,True,1498,False,False,False,fair,sloped,steep,moderate,moderate,2904875
mastuj,agricultural,18.31,False,785,True,False,True,poor,sloped,moderate,high,moderate,5924374
reshun,commercial,15.39,True,254,True,False,False,poor,mixed,low,low,low,8595287
chitral-city,residential,31.62,True,39,False,True,False,poor,mixed,steep,moderate,low,28024593
drosh,agricultural,24.87,True,230,False,True,False,good,mixed,moderate,moderate,low,11897858
drosh,agricultural,3.78,False,882,True,True,False,poor,sloped,moderate,high,moderate,1447512
booni,agricultural,2.68,True,965,False,True,False,poor,sloped,steep,low,moderate,1451876
booni,agricultural,5.61,False,636,False,False,False,fair,flat,steep,moderate,moderate,2609891
drosh,agricultural,28.47,False,1030,True,False,True,poor,flat,low,low,low,11013090
chitral-city,commercial,29.52,True,368,True,True,False,good,flat,steep,low,moderate,32148623
booni,residential,3.82,False,173,False,False,False,fair,sloped,low,low,high,1847610
balach,agricultural,34.75,False,1324,False,True,True,good,mixed,steep,moderate,moderate,15222955
reshun,agricultural,10.58,False,626,True,False,True,good,sloped,steep,low,high,4049201
drosh,residential,10.07,True,978,False,True,False,poor,mixed,low,high,high,5566550
chitral-city,agricultural,28.92,True,1053,True,True,True,fair,mixed,moderate,high,high,26590221
drosh,residential,4.61,False,356,False,True,True,fair,flat,steep,low,low,1705278
drosh,residential,12.14,False,1375,False,False,False,poor,sloped,low,moderate,moderate,4144465
drosh,commercial,18.37,False,128,False,False,False,poor,flat,steep,moderate,high,9213456
balach,agricultural,9.2,True,1236,False,False,False,poor,sloped,low,high,low,4273938
balach,residential,4.02,True,1198,False,True,True,good,flat,moderate,low,high,2379697
drosh,agricultural,16.93,True,1436,False,False,True,poor,flat,moderate,high,moderate,8421309
chitral-city,commercial,2.12,True,1050,False,False,True,poor,mixed,steep,low,low,1469707
drosh,residential,38.57,False,896,False,True,True,fair,flat,low,high,low,19392159
drosh,commercial,2.04,True,987,True,True,True,good,sloped,moderate,low,high,1189558
balach,residential,5.8,False,946,False,False,False,good,mixed,moderate,moderate,moderate,2257909
chitral-city,agricultural,28.99,False,250,False,True,True,fair,flat,steep,low,moderate,21921427
balach,commercial,30.16,False,756,True,True,True,fair,sloped,low,moderate,high,17962155
drosh,commercial,8.65,False,698,False,False,False,fair,flat,low,high,high,4724567
mastuj,residential,18.47,False,1180,False,False,True,poor,mixed,steep,low,moderate,5597961
mastuj,agricultural,25.7,True,641,False,False,True,fair,flat,moderate,low,low,10067438
mastuj,residential,4.02,False,30,False,False,True,poor,mixed,low,moderate,moderate,1625377
mastuj,commercial,38.42,True,196,False,True,True,fair,sloped,low,moderate,low,18335330
chitral-city,residential,32.84,False,885,False,True,False,fair,sloped,moderate,low,high,19288973
chitral-city,commercial,7.29,True,532,True,False,True,fair,mixed,low,moderate,high,7936477
drosh,commercial,8.97,False,216,True,False,False,good,sloped,steep,moderate,moderate,4389046
drosh,agricultural,38.53,False,76,True,False,True,poor,sloped,moderate,low,high,19060976
balach,commercial,22.64,False,129,False,True,False,good,flat,moderate,high,moderate,15569272
booni,residential,12.27,True,702,True,False,False,good,mixed,low,low,high,8191578
mastuj,commercial,29.24,True,1077,True,False,True,poor,sloped,steep,low,moderate,12550792
reshun,residential,32.61,True,254,True,True,True,good,flat,steep,low,low,16613980
drosh,residential,33.64,False,820,True,True,False,fair,mixed,low,low,high,14796523
mastuj,commercial,18.69,True,905,True,True,True,poor,sloped,steep,low,low,8514168
reshun,commercial,9.61,False,613,False,True,False,fair,sloped,moderate,moderate,moderate,4270677
booni,agricultural,17.84,False,323,True,False,False,poor,sloped,moderate,low,high,8910852
reshun,commercial,35.94,False,107,False,True,False,good,mixed,moderate,low,low,15922376
mastuj,residential,15.26,False,1070,True,True,True,fair,sloped,steep,high,moderate,5993990
balach,agricultural,31.83,False,826,True,False,False,fair,sloped,steep,low,high,14299091
mastuj,commercial,21.97,True,1449,False,False,False,poor,flat,low,high,low,10385159
reshun,residential,20.98,False,682,True,True,True,poor,sloped,moderate,moderate,low,7910367
chitral-city,residential,3.42,True,924,False,True,True,fair,flat,steep,moderate,moderate,2639877
reshun,commercial,23.15,True,537,False,False,False,poor,flat,steep,low,moderate,11102135
balach,residential,24.12,True,436,True,True,True,fair,mixed,steep,high,low,15306968
reshun,commercial,38.39,False,409,True,False,False,fair,sloped,steep,low,low,14770115
reshun,agricultural,35.21,True,280,False,True,True,fair,flat,low,high,high,19714206
balach,agricultural,37.05,False,819,False,True,True,fair,flat,steep,high,low,16650297
mastuj,commercial,13.87,True,1138,True,False,False,good,flat,low,moderate,moderate,7191040
chitral-city,residential,7.29,False,1378,True,True,False,poor,sloped,steep,high,low,5104638
booni,agricultural,24.73,True,1149,False,True,False,good,flat,low,low,moderate,16581915
reshun,agricultural,18.4,False,486,True,True,True,poor,sloped,steep,moderate,high,8154832
booni,commercial,20.32,False,792,True,False,False,good,flat,low,moderate,low,14684816
chitral-city,agricultural,9.36,False,138,True,True,True,good,flat,low,moderate,high,9778729
mastuj,commercial,3.74,True,1494,True,True,True,poor,flat,moderate,low,moderate,1728240
chitral-city,commercial,26.9,True,618,True,False,False,good,flat,steep,low,low,24112152
mastuj,residential,20.81,False,471,False,False,False,good,mixed,steep,low,high,6969351
chitral-city,commercial,22.57,True,130,False,False,False,fair,flat,low,low,high,20147159
reshun,commercial,10.01,False,310,True,True,False,good,mixed,low,low,moderate,5328307
chitral-city,agricultural,24.35,False,193,True,False,False,fair,flat,moderate,moderate,moderate,16742331
balach,agricultural,9.01,False,1110,True,False,True,good,mixed,low,high,moderate,5000669
chitral-city,commercial,10.23,True,718,False,False,True,poor,sloped,moderate,high,high,8242541
mastuj,agricultural,18.11,False,352,False,False,True,poor,flat,moderate,high,moderate,5754954
balach,commercial,13.24,False,99,False,False,False,good,mixed,steep,high,low,6970559
mastuj,commercial,14.2,False,386,False,False,True,fair,flat,moderate,low,moderate,5346353
mastuj,residential,17.53,True,586,False,True,False,poor,mixed,moderate,moderate,moderate,7227365
reshun,residential,7.58,True,496,True,True,True,good,sloped,moderate,high,moderate,3826675
reshun,residential,4.31,False,547,True,False,True,good,flat,moderate,low,low,1783579
booni,commercial,4.94,True,687,False,False,True,good,mixed,moderate,low,low,3130600
chitral-city,agricultural,39.05,False,983,False,True,True,fair,flat,moderate,low,high,27338917
mastuj,residential,32.71,False,460,False,True,True,fair,sloped,low,low,low,11631390
mastuj,commercial,22.83,False,1123,True,True,False,good,sloped,steep,moderate,moderate,9309278
mastuj,agricultural,36.62,False,517,False,True,False,fair,sloped,low,high,low,11571407
drosh,agricultural,5.03,True,761,False,True,False,fair,flat,steep,low,high,2480982
drosh,commercial,24.22,True,1260,False,False,False,fair,flat,low,moderate,moderate,13746544
balach,commercial,20.78,True,388,False,True,True,poor,mixed,moderate,high,high,14922826
reshun,residential,6.8,True,903,True,True,True,poor,sloped,steep,moderate,moderate,3041844
drosh,commercial,23.16,False,263,False,False,True,good,flat,low,high,moderate,14313362
drosh,commercial,19.09,False,612,False,True,True,good,sloped,steep,low,low,8976623
mastuj,commercial,16.06,False,796,False,False,True,good,sloped,steep,moderate,low,5266811
drosh,agricultural,3.83,False,604,False,False,False,poor,flat,low,high,high,1553408
mastuj,agricultural,23.86,False,223,False,False,True,poor,mixed,moderate,moderate,moderate,7911954
balach,agricultural,37.69,False,1261,True,True,False,poor,flat,low,high,high,21865366
booni,commercial,36.3,True,33,False,True,False,poor,mixed,steep,moderate,high,26368129
balach,agricultural,13.21,True,1486,True,False,False,fair,mixed,low,low,moderate,7788684
booni,agricultural,32.54,True,172,False,True,False,fair,mixed,steep,high,high,22754097
booni,commercial,28.14,True,907,True,False,True,good,sloped,steep,low,high,18569068
balach,residential,24.28,True,1399,True,False,False,poor,mixed,low,high,moderate,14288753
balach,commercial,35.28,True,26,False,True,False,good,sloped,low,high,low,23755184
reshun,agricultural,25.31,True,1326,False,False,True,fair,flat,moderate,high,moderate,11278815
reshun,agricultural,24.72,False,625,True,True,True,fair,mixed,moderate,moderate,low,10547378
booni,residential,19.66,False,1372,True,False,False,good,flat,moderate,moderate,high,11173146
balach,residential,13.06,True,857,True,False,False,good,mixed,moderate,moderate,moderate,7619072
chitral-city,residential,12.2,True,715,True,False,False,fair,flat,steep,low,high,9175021
reshun,residential,38.02,False,284,True,True,False,poor,sloped,moderate,moderate,high,15164156
booni,commercial,10.0,True,341,False,True,False,poor,mixed,moderate,moderate,low,7160032
balach,residential,3.37,True,1098,True,False,False,poor,flat,moderate,moderate,low,1851445
reshun,residential,3.28,True,793,False,True,False,poor,flat,low,high,high,1767334
reshun,agricultural,2.77,True,215,False,True,False,fair,mixed,steep,high,low,1137318
drosh,residential,5.79,False,791,False,False,True,poor,mixed,steep,moderate,moderate,1890648
reshun,commercial,21.25,False,55,False,False,False,good,sloped,low,moderate,low,9943440
booni,agricultural,31.31,False,777,False,True,False,fair,flat,steep,low,low,13801546
balach,agricultural,24.55,True,309,False,False,True,poor,mixed,moderate,moderate,moderate,13463698
balach,residential,14.21,False,31,False,True,False,good,mixed,moderate,high,low,7958403
reshun,agricultural,21.55,True,235,False,True,False,poor,flat,low,high,high,10691292
balach,agricultural,35.05,True,99,False,False,True,good,sloped,moderate,low,high,23395087
drosh,agricultural,2.35,True,911,False,False,False,good,mixed,steep,high,low,870424
mastuj,commercial,9.77,False,1083,False,False,False,poor,mixed,steep,high,low,3322024
reshun,agricultural,2.37,False,387,True,False,True,poor,mixed,steep,low,low,841996
mastuj,agricultural,14.58,True,1299,False,True,True,fair,sloped,steep,low,moderate,6057036
balach,agricultural,12.8,False,1216,False,False,False,fair,sloped,steep,high,high,4499436
mastuj,residential,5.91,True,593,True,False,True,poor,sloped,steep,high,moderate,2543471
mastuj,commercial,12.54,False,448,True,True,True,poor,flat,steep,low,low,5001478
booni,agricultural,4.96,True,300,False,False,False,fair,mixed,steep,low,low,2675481
drosh,agricultural,28.84,False,658,False,True,True,poor,sloped,moderate,high,low,11319149
mastuj,agricultural,20.62,False,1423,True,False,False,poor,flat,moderate,moderate,high,7554281
drosh,residential,25.45,True,803,False,True,True,poor,mixed,moderate,high,low,12160530
chitral-city,agricultural,5.58,False,539,True,False,True,good,mixed,steep,moderate,moderate,3663806
reshun,commercial,11.62,True,1191,True,False,False,fair,flat,moderate,high,high,6955347
booni,residential,16.04,True,1465,True,True,True,fair,flat,low,moderate,high,12603544
chitral-city,residential,34.6,False,417,True,False,False,good,flat,steep,high,moderate,28030809
reshun,agricultural,17.82,True,153,True,True,False,poor,flat,moderate,low,moderate,9686016
reshun,commercial,17.55,True,657,False,False,True,fair,mixed,steep,high,low,8953400
drosh,residential,6.42,True,393,True,True,False,good,sloped,low,low,low,3466292
chitral-city,agricultural,5.09,True,650,True,True,False,poor,mixed,steep,moderate,low,3804418
mastuj,agricultural,17.73,True,578,True,True,False,fair,sloped,moderate,moderate,low,7564243
mastuj,agricultural,15.26,False,1312,True,True,False,poor,sloped,steep,low,high,5420923
reshun,commercial,32.26,True,720,False,True,True,fair,flat,moderate,moderate,low,18610543
mastuj,commercial,25.98,False,306,False,False,False,good,mixed,steep,high,low,10260860
booni,commercial,15.64,True,345,False,False,False,fair,sloped,low,low,moderate,9576677
drosh,commercial,9.07,True,919,False,False,False,fair,flat,moderate,high,moderate,5343670
drosh,commercial,17.24,True,499,True,False,False,fair,sloped,moderate,high,low,9793671
balach,agricultural,35.69,True,1183,True,True,False,poor,flat,moderate,low,moderate,20962865
balach,agricultural,2.03,True,430,True,False,False,poor,flat,low,low,moderate,1103722
balach,residential,28.02,False,30,False,True,False,poor,mixed,steep,high,moderate,15244345
drosh,commercial,16.3,False,1466,True,True,False,poor,mixed,low,moderate,moderate,9331101
reshun,commercial,35.16,False,1113,True,False,False,good,sloped,steep,low,low,14571043
balach,residential,16.03,False,1046,True,False,True,good,flat,low,moderate,low,7790697
chitral-city,agricultural,5.53,False,1359,True,False,True,fair,mixed,moderate,high,moderate,3495816
drosh,residential,8.21,True,972,True,False,True,good,mixed,low,low,moderate,4030107
mastuj,agricultural,28.08,True,1015,False,False,True,fair,mixed,moderate,high,high,11315487
drosh,commercial,16.17,False,1478,False,False,True,poor,mixed,steep,moderate,high,5832126
booni,agricultural,38.03,False,424,False,False,True,fair,mixed,low,low,moderate,19618387
booni,commercial,28.08,False,891,False,False,True,good,mixed,low,moderate,moderate,15974821
drosh,agricultural,13.31,True,1240,True,False,True,good,sloped,moderate,low,low,5893920
booni,residential,29.62,False,902,False,False,False,good,sloped,low,high,high,15810353
booni,residential,14.41,True,320,True,False,True,fair,sloped,steep,moderate,moderate,8813333
balach,commercial,11.76,True,907,True,True,False,fair,sloped,steep,high,low,8148667
booni,agricultural,23.79,True,914,False,True,False,good,sloped,low,high,moderate,15894187
reshun,agricultural,12.36,False,444,True,False,True,fair,mixed,moderate,high,high,5261459
balach,residential,2.69,False,472,True,False,False,good,mixed,steep,high,moderate,1419213
drosh,commercial,2.48,False,674,False,False,True,fair,sloped,moderate,low,high,1028651
reshun,agricultural,11.72,True,1373,True,False,False,poor,flat,steep,high,moderate,4867417
chitral-city,agricultural,27.63,True,339,True,False,False,fair,flat,moderate,high,high,25551872
balach,agricultural,37.0,True,795,True,True,False,poor,flat,low,high,moderate,21301066
balach,commercial,39.2,False,740,True,False,False,fair,mixed,steep,low,high,19905081
reshun,commercial,14.08,False,481,False,False,False,fair,mixed,low,low,moderate,5380178
mastuj,agricultural,30.99,True,1419,True,False,False,fair,mixed,low,high,low,12992122
balach,commercial,25.56,True,1247,False,True,False,good,flat,low,high,high,18268053
booni,agricultural,2.86,False,1150,True,True,False,fair,sloped,low,low,moderate,1698084
balach,agricultural,7.04,True,83,True,False,False,poor,sloped,steep,moderate,low,3773661
drosh,commercial,26.37,False,346,True,False,True,poor,sloped,low,high,high,13449089
mastuj,agricultural,34.76,True,874,False,True,True,fair,mixed,steep,low,moderate,15619984
reshun,residential,15.81,False,897,True,True,True,fair,sloped,low,high,low,7016819
reshun,agricultural,7.39,True,1008,True,False,True,fair,sloped,steep,low,moderate,3487265
drosh,residential,30.77,False,624,False,False,False,good,mixed,steep,moderate,high,10990733
balach,residential,21.83,True,472,False,False,False,fair,sloped,low,high,high,12062063
reshun,agricultural,27.58,True,1443,True,True,False,fair,mixed,steep,low,low,12758148
mastuj,agricultural,7.64,True,551,False,False,False,good,flat,moderate,high,low,3078165
mastuj,agricultural,21.89,False,1013,True,False,True,fair,mixed,low,high,low,7536558
chitral-city,residential,10.52,False,1266,True,True,False,fair,mixed,steep,high,low,8786014
mastuj,residential,30.17,False,1380,True,False,True,fair,sloped,low,moderate,high,12160629
reshun,commercial,35.16,True,934,True,True,False,good,flat,steep,high,low,20057873
reshun,agricultural,8.74,False,1150,False,True,True,good,flat,low,high,moderate,3446067
balach,residential,24.26,False,970,True,True,False,good,flat,low,moderate,low,13925275
drosh,residential,5.8,True,1245,False,False,True,good,mixed,low,high,moderate,3310352
balach,commercial,32.62,False,21,False,False,False,fair,sloped,low,moderate,high,17572150
chitral-city,commercial,13.39,True,718,False,False,False,poor,flat,moderate,low,moderate,11663076
mastuj,agricultural,20.84,True,154,False,False,True,fair,mixed,steep,high,high,10182649
balach,residential,30.99,True,649,False,False,False,poor,sloped,moderate,high,low,16807251
balach,agricultural,7.94,False,371,True,True,False,good,mixed,steep,high,moderate,4194221
chitral-city,residential,37.45,False,641,False,True,False,fair,sloped,moderate,high,moderate,27100591
drosh,commercial,16.95,False,31,False,True,False,fair,sloped,low,moderate,moderate,8204415
reshun,residential,9.93,False,623,False,True,False,fair,mixed,moderate,high,high,4448004
balach,commercial,21.11,False,238,True,True,True,fair,sloped,moderate,high,high,13392271
booni,commercial,16.82,False,531,False,False,True,poor,flat,steep,moderate,moderate,9143166
drosh,agricultural,6.22,True,171,False,False,True,poor,sloped,moderate,high,low,2810003
drosh,residential,14.46,False,1160,False,True,True,poor,sloped,steep,high,moderate,6214250
chitral-city,agricultural,30.4,True,397,False,False,True,fair,mixed,moderate,low,high,28559159
chitral-city,agricultural,24.94,True,307,True,False,False,fair,mixed,low,high,low,21802464
mastuj,agricultural,2.62,False,85,False,False,False,good,mixed,steep,low,high,906289
booni,commercial,31.66,True,1071,True,False,True,poor,sloped,moderate,moderate,moderate,20989869
reshun,residential,26.72,True,392,False,False,False,poor,mixed,steep,moderate,low,11315197
drosh,residential,2.32,False,894,True,False,True,good,sloped,moderate,high,moderate,1092215
balach,commercial,37.16,True,406,True,True,False,poor,flat,low,high,high,30944450
booni,residential,22.52,True,690,False,True,True,poor,mixed,low,moderate,moderate,14271957
balach,agricultural,3.04,False,272,False,True,False,good,sloped,low,moderate,low,1366230
drosh,residential,9.81,False,1228,True,True,True,good,sloped,steep,high,low,4370732
balach,residential,37.75,False,668,False,True,True,poor,sloped,moderate,moderate,moderate,16743012
drosh,residential,2.28,False,839,True,False,False,fair,flat,moderate,high,moderate,1041632
reshun,residential,26.72,False,985,True,False,False,poor,flat,low,low,high,9271536
mastuj,residential,7.33,False,99,True,True,False,fair,sloped,moderate,low,moderate,2835804
mastuj,residential,30.19,True,767,True,True,True,fair,flat,moderate,moderate,high,14829840
chitral-city,commercial,14.2,True,699,True,False,True,good,flat,moderate,low,high,13539142
mastuj,commercial,21.96,True,225,True,False,True,poor,mixed,low,low,moderate,11185345
drosh,commercial,18.74,True,657,False,False,False,poor,mixed,steep,high,moderate,11059679
reshun,commercial,5.66,False,1189,True,True,True,good,flat,low,low,high,2587035
booni,commercial,17.35,True,531,True,False,True,good,sloped,moderate,moderate,high,13951556
reshun,commercial,21.76,False,289,False,False,False,good,flat,steep,high,low,10848533
drosh,commercial,3.82,True,393,True,True,True,poor,flat,moderate,moderate,low,2502329
drosh,agricultural,9.13,False,945,True,False,False,good,mixed,low,high,moderate,4102094
mastuj,agricultural,14.82,True,542,False,False,False,good,flat,steep,moderate,high,6225653
chitral-city,agricultural,26.41,True,213,True,False,True,poor,sloped,steep,moderate,low,21953327
chitral-city,agricultural,18.57,True,1053,True,False,True,poor,sloped,low,low,low,14869223
chitral-city,commercial,24.84,True,1172,True,False,True,good,sloped,low,moderate,low,21950773
balach,commercial,26.1,True,1486,True,False,True,fair,flat,moderate,moderate,moderate,18480507
drosh,agricultural,19.78,True,1497,False,True,True,fair,sloped,steep,high,moderate,8801652
reshun,commercial,24.57,True,141,False,True,True,fair,flat,low,moderate,low,15014667
drosh,commercial,9.35,False,164,True,False,True,fair,flat,steep,high,high,5719131
balach,residential,18.85,False,690,True,True,False,good,flat,steep,high,moderate,10565931
drosh,agricultural,33.25,False,334,True,False,False,poor,mixed,moderate,low,high,14565082
mastuj,residential,35.3,False,616,True,True,True,good,sloped,steep,moderate,low,15182030
reshun,agricultural,33.79,False,883,True,True,False,good,sloped,moderate,moderate,high,14467828
drosh,commercial,33.78,False,190,True,True,False,poor,sloped,moderate,low,high,16799595
chitral-city,residential,39.9,False,1168,False,False,True,good,flat,steep,high,low,27886654
booni,residential,15.71,False,826,True,False,False,fair,sloped,steep,low,moderate,7378726
reshun,commercial,31.55,True,462,True,True,False,poor,mixed,moderate,low,high,16787550
chitral-city,agricultural,33.1,False,741,True,False,False,poor,mixed,moderate,high,high,21441903
balach,residential,23.22,False,841,False,True,False,poor,mixed,moderate,high,high,11613357
balach,agricultural,33.49,True,1498,True,False,False,good,mixed,steep,low,moderate,16841948
reshun,agricultural,15.32,False,760,True,True,False,poor,flat,low,high,moderate,7006090
reshun,commercial,23.3,True,835,True,True,True,poor,sloped,steep,high,moderate,13387239
balach,commercial,14.93,False,832,True,False,True,good,mixed,steep,high,low,8033817
balach,agricultural,33.39,True,1142,True,False,True,fair,flat,steep,low,low,19194936
drosh,commercial,32.84,True,45,False,True,True,good,mixed,moderate,moderate,high,21423695
mastuj,residential,17.67,False,1304,False,False,False,fair,mixed,moderate,moderate,low,5519154
chitral-city,residential,38.41,True,678,True,True,True,good,sloped,moderate,high,moderate,35179574
mastuj,residential,29.36,True,972,False,True,False,good,mixed,moderate,high,moderate,12905967
balach,residential,23.28,True,731,False,True,True,good,mixed,low,high,moderate,15065746
reshun,residential,29.12,False,902,True,False,True,good,mixed,moderate,high,high,13026832
chitral-city,residential,23.65,False,315,False,True,True,good,mixed,steep,low,low,15831382
mastuj,agricultural,29.75,True,529,True,True,True,good,mixed,steep,low,moderate,13638937
drosh,commercial,28.64,False,854,False,False,True,fair,flat,low,moderate,moderate,12659319
drosh,agricultural,20.99,True,553,False,True,True,fair,sloped,steep,low,moderate,10258558
booni,commercial,11.8,True,1160,True,False,True,poor,flat,steep,low,low,7478447
chitral-city,residential,32.4,False,162,True,True,False,poor,sloped,low,moderate,low,28405930
balach,commercial,16.22,True,922,True,True,False,poor,sloped,low,high,low,11978430
chitral-city,agricultural,6.1,True,1228,True,True,False,poor,sloped,low,high,moderate,5582627
reshun,commercial,33.61,False,258,True,False,True,fair,flat,low,moderate,low,18424978
booni,agricultural,4.23,False,1370,True,True,False,good,sloped,steep,high,high,2374819
mastuj,commercial,9.64,False,297,False,True,False,good,mixed,moderate,moderate,moderate,4055194
booni,agricultural,5.96,False,1268,False,False,False,fair,sloped,steep,low,high,2684928
balach,residential,13.67,True,1332,False,True,True,poor,mixed,moderate,low,moderate,7645078
booni,commercial,35.2,True,1061,False,True,True,poor,mixed,low,low,high,22719473
reshun,residential,20.82,True,112,False,True,True,fair,flat,low,high,moderate,13125594
drosh,residential,16.13,False,111,True,True,True,good,sloped,moderate,moderate,high,8415965
reshun,agricultural,9.79,False,858,True,False,False,fair,mixed,low,moderate,moderate,3794700
reshun,commercial,17.03,False,283,True,True,True,poor,flat,moderate,low,low,8474973
balach,commercial,11.75,False,603,False,False,False,poor,flat,moderate,low,low,5532487
drosh,residential,6.83,True,980,False,True,True,poor,flat,moderate,low,low,3509849
booni,residential,18.57,False,917,True,False,True,good,sloped,low,low,high,9188446
mastuj,residential,38.05,False,533,True,False,False,poor,sloped,low,moderate,moderate,13225662
chitral-city,commercial,4.42,True,1304,True,False,False,poor,mixed,low,low,high,3967380
mastuj,residential,7.45,False,136,True,True,False,good,sloped,low,high,high,3381672
chitral-city,agricultural,3.46,True,1421,True,True,False,poor,sloped,low,moderate,high,2880310
balach,commercial,3.34,True,60,False,False,False,good,sloped,moderate,moderate,high,2019910
drosh,commercial,11.5,False,1001,True,False,False,poor,flat,moderate,high,high,5587839
drosh,agricultural,35.51,False,62,False,False,True,poor,mixed,moderate,high,high,17559538
drosh,residential,33.93,False,446,False,False,False,fair,sloped,moderate,moderate,moderate,12731958
chitral-city,agricultural,27.28,True,1105,True,True,True,good,flat,steep,low,high,28233730
mastuj,agricultural,36.21,False,787,False,True,False,poor,mixed,low,high,high,13234074
mastuj,agricultural,3.93,True,711,True,False,False,poor,mixed,low,high,low,1520788
reshun,residential,12.39,True,1333,False,True,True,fair,mixed,moderate,low,high,5014363
drosh,agricultural,25.19,True,1404,True,True,True,poor,flat,low,moderate,low,13494777
chitral-city,residential,30.26,True,649,True,False,False,good,mixed,moderate,moderate,high,25733774
chitral-city,residential,32.49,True,331,True,False,True,good,sloped,moderate,low,high,27068321
drosh,commercial,39.37,True,252,True,False,True,poor,flat,moderate,moderate,moderate,24688411
booni,commercial,28.15,False,923,True,False,True,fair,sloped,steep,moderate,moderate,16869434
chitral-city,residential,8.73,False,1407,False,True,True,good,flat,steep,moderate,moderate,6419428
booni,agricultural,24.91,False,52,False,True,False,fair,flat,steep,moderate,high,16275632
booni,agricultural,14.11,True,126,True,False,False,fair,mixed,moderate,low,moderate,9918973
reshun,agricultural,27.06,False,1149,True,True,True,good,sloped,low,moderate,moderate,11235675
drosh,agricultural,16.76,False,1447,False,False,False,good,mixed,moderate,high,moderate,5624875
chitral-city,commercial,11.94,True,1021,False,False,True,fair,sloped,low,high,moderate,11535694
booni,residential,32.81,True,517,True,True,False,poor,flat,steep,low,low,23564081
booni,commercial,2.51,False,1284,True,True,False,good,mixed,steep,low,high,1402581
reshun,residential,9.58,True,400,True,True,True,fair,sloped,low,low,low,5032851
drosh,agricultural,25.77,True,994,True,False,True,fair,mixed,steep,high,high,14952415
booni,agricultural,9.03,True,182,True,True,False,poor,sloped,steep,low,high,5808094
booni,residential,9.11,False,486,True,False,False,good,mixed,steep,high,moderate,5084928
chitral-city,agricultural,29.95,True,1361,False,False,True,poor,flat,low,moderate,moderate,26132423
booni,commercial,30.71,False,183,False,True,True,fair,sloped,moderate,high,high,20586542
booni,commercial,11.97,False,943,False,False,False,fair,mixed,moderate,moderate,high,7016859
balach,residential,24.31,True,1434,False,False,False,fair,mixed,moderate,moderate,moderate,12460097
balach,commercial,30.52,False,70,True,False,False,good,flat,moderate,moderate,low,19223747
reshun,residential,7.74,True,464,True,True,False,fair,flat,moderate,moderate,low,3856758
drosh,residential,13.53,False,486,True,False,False,fair,mixed,low,moderate,high,5830041
booni,residential,38.21,False,1264,False,True,True,good,mixed,low,moderate,moderate,19503020
chitral-city,commercial,8.03,False,1420,False,True,True,good,mixed,moderate,high,moderate,7172308
balach,agricultural,23.48,False,149,True,False,False,fair,flat,low,moderate,high,12781230
chitral-city,commercial,36.8,False,594,False,False,True,poor,mixed,steep,high,low,27694619
mastuj,residential,32.91,True,1020,False,True,False,good,flat,moderate,low,high,14138447
mastuj,agricultural,19.58,False,157,False,False,True,fair,sloped,low,moderate,low,6485905
balach,commercial,2.12,False,1291,False,True,False,fair,mixed,moderate,high,high,1100039
reshun,residential,38.39,True,625,True,True,False,poor,mixed,moderate,high,low,20124070
balach,residential,13.25,True,1354,False,True,False,fair,flat,moderate,high,moderate,8319196
mastuj,agricultural,30.82,True,580,False,False,True,good,sloped,moderate,moderate,low,12133636
chitral-city,residential,6.71,False,1151,False,False,True,fair,sloped,moderate,high,low,4329389
reshun,agricultural,17.03,False,1275,True,False,False,good,sloped,low,high,low,6083762
reshun,residential,20.87,True,306,True,True,True,good,flat,low,moderate,moderate,11798620
drosh,agricultural,30.53,False,840,True,False,False,good,flat,steep,low,low,11421470
booni,agricultural,10.64,True,1340,True,True,True,fair,flat,low,low,low,8216848
balach,commercial,14.14,False,1319,False,True,False,fair,flat,steep,high,high,7672495
booni,residential,9.6,True,447,True,False,True,fair,sloped,low,high,moderate,6876559
balach,agricultural,10.09,True,1305,False,False,False,good,mixed,low,low,high,5408568
balach,agricultural,36.12,False,264,False,False,True,fair,sloped,steep,high,high,17512476
balach,residential,6.28,False,238,True,True,False,good,sloped,low,high,moderate,3791415
booni,commercial,25.79,False,464,True,False,True,poor,flat,moderate,low,moderate,16617938
drosh,commercial,14.44,False,1252,True,False,False,good,sloped,moderate,high,low,6732449
booni,residential,34.4,True,42,False,True,False,fair,mixed,steep,high,low,23025883
chitral-city,residential,26.54,False,783,True,False,False,good,flat,moderate,low,low,17982688
chitral-city,agricultural,37.34,True,266,True,False,True,poor,flat,low,high,low,33656745
mastuj,commercial,23.18,False,66,False,True,True,poor,flat,moderate,high,moderate,10300798
drosh,agricultural,33.56,False,378,True,True,True,fair,sloped,moderate,high,moderate,14914232
chitral-city,residential,27.51,True,500,False,True,True,good,mixed,steep,high,moderate,26481352
reshun,commercial,3.8,False,201,False,False,False,good,flat,moderate,high,moderate,1962124
mastuj,residential,14.19,False,853,True,False,False,fair,mixed,moderate,low,high,5097239
drosh,commercial,22.61,False,904,True,False,True,fair,mixed,steep,moderate,moderate,10975848
reshun,residential,35.81,False,1057,True,False,True,good,flat,low,high,moderate,15430993
drosh,residential,39.64,True,1084,True,True,False,good,sloped,low,high,low,25244960
chitral-city,agricultural,6.44,False,1143,False,False,True,good,mixed,steep,moderate,high,4484543
booni,residential,26.34,False,338,True,True,True,fair,flat,low,high,moderate,17535945
drosh,agricultural,33.36,True,411,True,True,True,fair,flat,low,low,high,20335845
chitral-city,agricultural,38.14,False,752,False,True,False,fair,mixed,moderate,low,moderate,23647117
mastuj,agricultural,26.14,True,1410,False,True,False,fair,mixed,low,moderate,high,12051912
drosh,commercial,31.25,False,1430,False,False,True,fair,flat,moderate,low,moderate,12474410
booni,residential,11.32,True,951,False,False,True,good,mixed,low,moderate,moderate,7212381
reshun,agricultural,10.23,False,214,True,True,True,good,mixed,low,high,low,4775232
reshun,commercial,16.75,True,538,True,False,True,fair,mixed,low,low,moderate,9091217
drosh,residential,28.1,True,427,False,False,True,poor,mixed,steep,high,low,14467453
booni,agricultural,8.94,False,1418,False,True,False,good,flat,low,low,low,4198981
mastuj,commercial,2.9,False,770,False,True,False,good,sloped,low,moderate,moderate,1100425
drosh,commercial,28.68,True,153,True,False,False,fair,mixed,steep,low,low,15168126
balach,residential,23.68,True,933,False,False,False,poor,sloped,low,high,moderate,11689990
booni,residential,9.69,False,292,False,True,False,poor,sloped,low,low,high,5205999
mastuj,commercial,2.34,True,674,True,False,True,poor,sloped,moderate,moderate,moderate,1062290
balach,agricultural,23.02,True,319,True,True,True,fair,sloped,low,high,low,13195258
drosh,commercial,15.75,True,557,False,True,False,poor,mixed,moderate,low,low,8809205
chitral-city,agricultural,19.09,True,280,False,False,True,poor,sloped,steep,moderate,moderate,15059254
drosh,commercial,3.17,True,1170,True,True,True,fair,mixed,moderate,moderate,moderate,2022795
chitral-city,agricultural,33.78,False,651,False,False,False,good,sloped,steep,high,high,21108347
reshun,commercial,7.22,False,206,False,False,True,fair,sloped,moderate,moderate,moderate,3040017
balach,agricultural,37.22,False,510,True,False,False,poor,mixed,steep,high,moderate,14931061
mastuj,agricultural,27.45,True,1275,True,False,True,good,sloped,moderate,high,high,13232189
balach,agricultural,24.11,True,260,False,True,True,good,sloped,moderate,low,high,16635408
chitral-city,residential,16.88,False,1183,False,False,True,fair,sloped,low,moderate,low,11294430
mastuj,agricultural,2.12,True,541,False,False,False,good,sloped,moderate,low,moderate,755447
drosh,commercial,39.3,True,995,False,False,False,poor,flat,low,low,moderate,21488844
booni,residential,34.19,False,240,False,True,True,good,sloped,moderate,low,low,19649465
mastuj,residential,2.37,False,1298,False,False,False,poor,flat,low,high,high,897697
chitral-city,commercial,15.43,True,330,True,False,True,poor,mixed,low,high,high,14338135
balach,residential,23.71,False,1015,True,True,True,fair,flat,low,moderate,high,12467143
balach,residential,12.62,True,509,False,False,False,fair,flat,low,low,low,6838806
drosh,agricultural,7.71,False,1279,False,True,False,poor,sloped,moderate,moderate,high,2900855
booni,agricultural,21.29,False,925,True,False,True,good,flat,steep,high,high,12419918
drosh,residential,10.28,False,849,False,True,False,poor,mixed,steep,moderate,low,4086759
mastuj,residential,26.53,True,946,True,False,False,fair,mixed,low,moderate,moderate,12972722
drosh,residential,18.62,False,488,False,False,False,fair,flat,low,low,high,7846025
mastuj,commercial,32.79,True,801,False,True,True,poor,sloped,low,low,high,15178569
booni,agricultural,5.01,False,947,True,False,True,fair,mixed,low,low,moderate,2695063
mastuj,residential,10.81,True,1291,True,True,False,good,mixed,moderate,low,low,4614504
balach,commercial,29.08,True,227,False,True,True,fair,sloped,moderate,high,low,18515950
balach,residential,31.9,False,371,False,True,True,fair,flat,low,low,moderate,14688975
balach,residential,34.74,False,1195,False,False,True,fair,flat,steep,low,high,12519931
reshun,commercial,30.67,True,792,True,True,False,fair,sloped,moderate,high,moderate,17657823
reshun,agricultural,35.77,False,1345,False,False,False,good,mixed,low,high,moderate,11476080
booni,residential,4.79,False,631,True,False,False,fair,mixed,moderate,low,moderate,2484434
booni,residential,18.55,True,941,True,False,False,poor,flat,low,low,moderate,11347050
drosh,agricultural,29.09,False,439,False,True,False,poor,flat,low,high,low,11131997
booni,agricultural,19.67,False,1358,False,True,False,fair,sloped,steep,moderate,low,9031895
drosh,residential,15.39,True,655,True,True,True,poor,sloped,steep,high,moderate,7884348
mastuj,residential,25.97,False,69,False,False,False,good,mixed,moderate,high,moderate,10400944
booni,commercial,24.25,False,1018,False,True,True,poor,mixed,moderate,high,high,14482809
reshun,commercial,12.15,True,422,True,False,False,fair,flat,low,low,moderate,6041406
balach,residential,17.9,True,875,True,False,False,poor,flat,low,low,low,9711700
drosh,residential,10.33,True,1397,False,True,True,good,mixed,moderate,high,high,6359325
drosh,agricultural,23.93,False,1313,False,True,False,good,flat,low,low,moderate,10643300
chitral-city,commercial,13.42,False,125,False,False,True,poor,sloped,low,low,low,9287043
balach,residential,28.5,False,865,False,False,False,fair,flat,low,low,high,12081090
reshun,residential,31.45,True,912,False,False,True,fair,mixed,low,moderate,moderate,12970220
balach,agricultural,35.41,False,831,True,False,False,poor,mixed,low,high,low,13785359
mastuj,agricultural,24.55,True,226,True,True,True,poor,sloped,moderate,moderate,low,12367467
reshun,commercial,7.77,True,24,False,True,True,poor,mixed,moderate,high,high,4919211
reshun,agricultural,27.31,True,102,True,False,False,poor,flat,steep,low,low,12340133
balach,residential,36.09,False,240,False,False,True,good,mixed,low,low,moderate,17377754
chitral-city,residential,26.45,True,1036,True,False,True,fair,mixed,steep,low,high,20123610
drosh,agricultural,38.16,False,621,False,False,True,fair,sloped,moderate,low,low,12921274
reshun,residential,3.4,True,1223,True,True,True,fair,flat,low,high,low,1884582
chitral-city,commercial,14.16,True,1491,False,False,False,poor,sloped,steep,high,high,11958756
chitral-city,commercial,9.97,False,1363,True,False,True,fair,flat,moderate,low,low,6912212
chitral-city,agricultural,9.09,False,969,False,False,False,poor,mixed,steep,high,moderate,5181334
mastuj,commercial,8.99,True,533,False,True,False,fair,flat,low,low,low,4623662
drosh,agricultural,36.48,True,875,True,True,False,good,mixed,steep,moderate,moderate,17419758
drosh,commercial,9.67,True,700,False,False,True,fair,sloped,low,moderate,high,5375886
chitral-city,commercial,39.88,False,111,False,False,True,fair,sloped,steep,low,moderate,27821822
drosh,agricultural,36.74,True,665,True,False,False,fair,sloped,low,low,high,21890902
chitral-city,agricultural,12.08,True,103,True,False,True,fair,flat,moderate,low,low,11542330
chitral-city,commercial,32.95,False,53,False,True,False,good,flat,steep,high,high,29767426
booni,residential,37.17,False,1168,False,True,True,poor,sloped,moderate,low,moderate,16662940
drosh,residential,5.78,False,366,False,False,False,poor,mixed,low,high,low,2448833
chitral-city,agricultural,39.92,True,176,True,True,True,poor,flat,moderate,low,low,39659988
chitral-city,residential,21.02,False,1066,True,False,False,poor,mixed,low,moderate,low,14497073
balach,commercial,37.91,True,1290,True,True,True,poor,mixed,low,high,high,27437508
drosh,commercial,15.35,False,817,False,True,False,poor,flat,low,high,high,8112353
mastuj,commercial,28.5,True,1365,False,False,False,fair,sloped,moderate,low,low,10472232
balach,residential,23.7,True,1381,False,False,False,good,flat,moderate,moderate,low,12251278
booni,commercial,21.78,True,1234,True,False,False,good,sloped,steep,moderate,low,15236312
booni,commercial,14.05,False,1119,False,False,True,poor,flat,moderate,high,low,8446388
drosh,residential,12.67,False,172,False,True,False,fair,sloped,moderate,moderate,low,5118157
chitral-city,agricultural,9.02,True,301,True,False,True,poor,mixed,moderate,moderate,low,6749508
balach,commercial,32.41,True,120,False,False,True,good,sloped,steep,high,high,19667899
mastuj,commercial,13.31,False,103,False,False,True,good,mixed,moderate,high,low,5554532
booni,commercial,2.15,False,107,False,False,False,good,flat,moderate,low,high,1398753
balach,residential,14.69,True,1348,True,True,False,poor,sloped,steep,low,low,8052209
reshun,commercial,11.07,False,30,False,True,False,good,flat,low,moderate,low,6076414
drosh,residential,33.35,False,725,True,False,False,good,mixed,moderate,low,high,14817132
booni,commercial,17.97,False,22,True,False,True,good,mixed,steep,low,high,10614835
reshun,commercial,6.56,True,291,True,True,True,good,flat,steep,low,high,3782482
balach,agricultural,38.46,True,1354,True,True,True,fair,flat,moderate,low,moderate,23006642
reshun,commercial,31.85,False,685,False,False,False,fair,sloped,low,high,low,13102220
chitral-city,residential,35.06,True,1023,False,False,False,poor,mixed,low,moderate,moderate,25267258
booni,commercial,19.43,False,437,False,True,False,poor,mixed,moderate,low,moderate,11312737
drosh,commercial,4.48,False,732,False,True,False,poor,sloped,moderate,moderate,moderate,1862220
drosh,residential,18.65,True,55,True,False,False,poor,sloped,steep,high,low,9659092
reshun,agricultural,21.84,True,576,False,False,True,poor,sloped,low,low,moderate,8972286
balach,commercial,37.39,True,1305,False,True,True,poor,mixed,steep,high,moderate,23316829
booni,agricultural,9.35,True,647,False,False,False,good,flat,steep,moderate,high,6363230
mastuj,commercial,23.43,True,798,False,True,True,fair,flat,moderate,moderate,moderate,12420238
mastuj,agricultural,20.74,False,1171,True,True,True,good,flat,low,moderate,low,8255340
drosh,commercial,39.85,True,230,False,True,True,good,flat,low,moderate,low,24297389
booni,commercial,17.55,False,1336,False,True,True,fair,flat,steep,low,low,10167617
mastuj,commercial,30.36,True,110,False,False,True,good,sloped,steep,low,moderate,14237783
balach,agricultural,35.72,True,201,True,False,True,fair,sloped,moderate,moderate,moderate,21808726
balach,residential,30.08,True,1386,False,True,True,poor,flat,steep,low,high,14406387
balach,residential,7.04,False,145,False,True,True,poor,flat,steep,high,low,3624831
chitral-city,commercial,18.41,True,345,False,False,True,poor,mixed,low,high,low,18010572
drosh,residential,5.22,True,453,True,True,False,poor,mixed,low,high,low,3108662
mastuj,commercial,23.09,False,947,True,True,False,fair,flat,steep,moderate,moderate,10007569
mastuj,residential,37.2,True,421,False,False,False,good,mixed,low,high,low,18974334
balach,residential,10.73,True,1167,False,False,True,poor,sloped,low,high,low,6080926
balach,residential,21.32,True,514,True,False,True,fair,mixed,moderate,high,low,14369806
booni,agricultural,20.64,True,306,True,True,True,good,mixed,low,moderate,high,17356699
booni,commercial,30.89,False,357,False,False,True,poor,flat,low,high,high,17622823
reshun,residential,5.18,True,1324,True,True,True,fair,flat,moderate,high,high,2828796
reshun,commercial,38.81,True,1492,True,False,False,fair,sloped,low,high,high,20485578
chitral-city,agricultural,8.05,True,1249,False,False,False,good,flat,low,low,moderate,6502215
booni,agricultural,16.42,True,1058,False,False,True,poor,sloped,low,low,high,9553633
balach,agricultural,15.12,False,201,False,False,True,fair,mixed,steep,low,low,5979873
chitral-city,commercial,10.66,False,776,True,False,False,poor,sloped,moderate,high,low,8332159
booni,commercial,19.85,False,445,True,False,False,good,mixed,low,high,high,15338195
mastuj,residential,6.78,True,568,True,True,False,fair,sloped,low,high,high,3771913
chitral-city,commercial,29.86,True,1141,False,False,True,good,flat,moderate,high,low,28842984
booni,agricultural,12.18,True,1398,True,True,False,good,sloped,moderate,high,low,7474313
reshun,commercial,27.35,False,854,False,True,True,poor,mixed,steep,low,moderate,10447906
mastuj,agricultural,10.13,False,535,True,False,True,fair,mixed,steep,moderate,low,3319506
chitral-city,agricultural,34.92,True,402,False,True,False,fair,sloped,steep,low,moderate,24509445
reshun,residential,27.41,False,792,False,False,False,fair,sloped,steep,high,high,9872595
booni,residential,29.77,False,514,True,False,False,good,flat,moderate,high,high,17477042
reshun,agricultural,3.43,True,616,True,True,True,poor,mixed,low,high,moderate,1873132
reshun,residential,17.0,True,309,True,True,True,good,sloped,moderate,high,moderate,9865816
booni,commercial,3.84,True,513,True,True,False,poor,flat,moderate,high,moderate,3541466
booni,agricultural,34.48,True,191,False,False,False,poor,mixed,steep,moderate,high,21761452
mastuj,residential,2.41,True,447,True,True,True,fair,mixed,low,high,low,1412424
mastuj,residential,11.29,False,703,False,False,False,good,mixed,steep,low,high,3571753
booni,commercial,27.84,False,773,False,True,True,poor,mixed,steep,low,low,14967375
reshun,commercial,12.9,False,482,True,False,False,fair,flat,steep,low,moderate,5178026
reshun,residential,37.78,True,170,True,False,False,fair,mixed,moderate,low,low,17578700
booni,commercial,30.35,False,286,False,True,False,good,flat,moderate,low,moderate,21446130
drosh,agricultural,38.72,True,1083,True,True,True,fair,flat,low,low,low,22247287
balach,agricultural,16.84,True,75,False,True,False,poor,mixed,steep,low,low,9503880
balach,agricultural,36.1,False,126,False,True,False,good,flat,moderate,high,moderate,18399557
mastuj,commercial,36.29,True,1094,False,False,True,poor,flat,moderate,high,low,18500426
drosh,residential,15.02,True,996,True,False,True,poor,flat,steep,moderate,high,7991389
booni,residential,27.35,False,1435,True,True,False,good,sloped,steep,low,moderate,13442470
balach,residential,29.16,False,542,True,False,False,good,sloped,moderate,high,moderate,16265857
reshun,commercial,30.86,False,203,False,True,False,good,mixed,steep,high,low,14168347
mastuj,residential,13.19,False,1186,True,True,True,poor,flat,low,moderate,low,5950286
drosh,agricultural,23.43,True,855,True,False,True,fair,sloped,low,moderate,moderate,13462784
booni,commercial,18.8,True,653,True,True,False,good,sloped,steep,moderate,high,13565264
mastuj,residential,26.98,True,603,True,False,False,good,flat,low,high,high,15013824
chitral-city,residential,22.87,True,851,False,True,False,good,mixed,low,high,moderate,21892507
chitral-city,agricultural,25.95,True,50,False,False,True,good,sloped,low,low,high,23783888
chitral-city,residential,11.57,True,566,False,True,True,good,mixed,steep,moderate,high,10725474
booni,residential,20.18,True,22,True,False,False,fair,flat,low,low,moderate,14965042
booni,residential,27.4,False,72,True,True,False,good,flat,steep,high,moderate,18108909
reshun,commercial,4.78,False,131,False,False,True,good,sloped,low,high,moderate,2335015
reshun,residential,3.91,False,471,False,False,True,fair,mixed,moderate,high,moderate,1489665
booni,commercial,37.83,True,845,False,True,True,fair,flat,steep,low,high,26949587
reshun,commercial,33.39,False,117,True,True,False,poor,mixed,steep,high,high,16316464
balach,residential,9.7,True,202,True,False,False,good,flat,low,moderate,moderate,6169224
mastuj,residential,19.64,True,356,True,True,True,poor,mixed,low,low,moderate,8961080
mastuj,commercial,14.07,False,1035,False,False,True,poor,flat,moderate,low,high,4919316
chitral-city,agricultural,24.52,True,1205,False,True,True,fair,mixed,steep,low,low,17882890
chitral-city,residential,10.99,True,1416,False,True,False,fair,sloped,low,low,moderate,9008276
drosh,commercial,21.51,True,173,True,True,True,fair,sloped,steep,low,low,13088162
chitral-city,commercial,37.36,False,371,False,False,False,poor,mixed,low,high,low,31757766
mastuj,residential,22.65,False,856,True,False,True,good,mixed,steep,low,moderate,8081033
mastuj,commercial,29.33,False,844,True,False,False,good,flat,moderate,moderate,low,14112653
mastuj,residential,34.68,True,767,True,False,True,poor,sloped,low,low,low,14568355
chitral-city,commercial,8.05,False,1410,False,True,False,good,mixed,low,high,moderate,6913775
balach,commercial,4.77,True,168,True,False,False,fair,sloped,low,high,high,3451929
reshun,agricultural,10.94,False,1139,True,True,True,poor,mixed,low,high,high,5326458
reshun,commercial,18.46,False,1059,False,True,False,good,mixed,steep,high,high,8419275
booni,commercial,5.19,False,945,False,True,False,poor,mixed,low,low,high,2811074
drosh,agricultural,9.45,True,73,False,False,False,poor,sloped,low,high,high,5123674
drosh,agricultural,25.2,False,807,True,False,False,good,flat,low,moderate,high,12627231
drosh,commercial,3.45,False,1415,True,False,True,good,sloped,low,moderate,low,1787967
booni,commercial,36.0,False,819,False,False,False,good,flat,low,high,low,21627405
mastuj,residential,31.58,False,787,False,False,True,good,mixed,moderate,high,moderate,10811294
chitral-city,commercial,13.18,True,1318,True,False,False,poor,flat,steep,high,low,12254761
balach,agricultural,5.03,False,402,False,False,True,fair,mixed,low,high,low,2070658
mastuj,residential,35.0,True,723,False,True,True,good,flat,steep,high,moderate,16411745
booni,commercial,20.61,False,811,False,True,False,fair,sloped,moderate,moderate,low,10386408
chitral-city,commercial,25.68,True,251,False,False,True,poor,flat,steep,high,moderate,24848184
chitral-city,residential,5.27,False,450,False,False,True,fair,mixed,moderate,low,moderate,3341097
balach,residential,10.23,True,769,True,False,False,good,sloped,low,low,moderate,5645674
chitral-city,residential,2.61,False,326,True,False,True,poor,mixed,low,moderate,moderate,1974765
booni,commercial,24.49,False,1169,True,True,False,poor,mixed,moderate,low,low,15484495
mastuj,commercial,34.55,False,843,True,True,False,good,mixed,moderate,low,moderate,16179081
mastuj,commercial,17.79,False,1123,False,False,False,poor,flat,moderate,high,moderate,7139442
reshun,commercial,12.63,False,1224,False,False,False,good,sloped,moderate,low,high,4165486
mastuj,residential,38.77,False,700,True,True,True,poor,flat,low,moderate,moderate,17752768
mastuj,commercial,35.38,True,504,True,True,False,fair,flat,low,low,moderate,19110017
booni,commercial,9.76,False,1157,True,True,False,fair,mixed,steep,high,high,6319549
mastuj,commercial,39.81,False,315,False,True,False,fair,sloped,moderate,high,moderate,17690281
balach,commercial,2.24,False,1075,True,False,False,poor,flat,steep,low,low,1113419
booni,commercial,7.08,True,278,True,True,True,good,mixed,steep,low,low,5386722
booni,residential,21.74,False,557,False,True,True,good,sloped,moderate,moderate,low,11804998
drosh,agricultural,21.71,True,1382,False,True,True,fair,mixed,moderate,moderate,moderate,11721195
chitral-city,commercial,25.85,False,297,False,True,True,fair,flat,steep,low,high,21728611
reshun,commercial,19.24,True,229,False,True,True,good,mixed,low,high,moderate,11109759
drosh,commercial,10.17,False,1488,True,True,True,fair,flat,low,low,high,5941834
mastuj,residential,30.16,True,226,False,False,True,good,mixed,low,high,high,14117968
balach,agricultural,26.83,True,1202,True,False,False,fair,mixed,low,moderate,high,16667097
reshun,commercial,35.54,True,350,False,False,True,poor,sloped,moderate,moderate,moderate,16629225
drosh,commercial,29.19,True,389,False,False,True,poor,sloped,low,moderate,low,14431962
chitral-city,residential,27.34,False,1099,False,True,True,fair,sloped,moderate,low,high,17735378
mastuj,residential,6.97,True,1402,True,True,False,fair,sloped,steep,low,high,2764595
booni,residential,12.08,False,1262,False,False,False,good,flat,steep,high,high,6620825
chitral-city,commercial,21.54,True,504,False,True,True,poor,flat,moderate,moderate,low,22437590
reshun,residential,32.96,False,244,False,True,False,poor,flat,steep,high,low,13028965
balach,commercial,23.93,False,1379,True,True,False,poor,mixed,moderate,high,high,14204802
booni,commercial,33.28,True,1200,False,False,True,poor,sloped,steep,moderate,low,19671018
booni,residential,17.12,True,330,True,True,True,poor,sloped,steep,moderate,moderate,11164096
reshun,residential,4.03,True,257,True,False,False,poor,flat,low,low,low,2115977
booni,agricultural,7.17,False,1375,False,True,True,good,sloped,steep,low,low,3038326
balach,agricultural,16.45,True,1118,True,True,False,good,sloped,moderate,high,low,8268184
chitral-city,residential,5.82,False,66,False,True,False,poor,sloped,steep,moderate,low,3726678
chitral-city,agricultural,6.89,True,1454,False,False,False,poor,sloped,steep,high,low,4101353
balach,commercial,27.34,False,282,False,True,True,poor,mixed,low,low,moderate,13863315
chitral-city,commercial,14.41,False,813,False,True,True,poor,mixed,low,high,low,10753880
drosh,residential,18.05,False,1277,True,False,True,good,mixed,moderate,low,low,7634565
booni,agricultural,29.32,True,903,False,True,False,poor,flat,low,moderate,high,20415303
booni,agricultural,14.14,True,1421,True,True,False,poor,flat,low,low,low,9404483
drosh,agricultural,23.45,False,774,False,False,True,fair,mixed,steep,high,moderate,8157285
drosh,residential,37.94,False,1002,True,True,False,fair,mixed,low,low,low,17720886
booni,commercial,6.66,True,74,False,True,True,fair,mixed,moderate,low,moderate,4601326
mastuj,residential,22.69,True,1392,False,False,True,poor,sloped,low,high,low,10396346
reshun,residential,19.61,True,1061,True,False,False,poor,flat,low,moderate,high,9250755
booni,residential,32.89,False,759,False,False,False,poor,mixed,low,low,high,13454306
booni,commercial,18.53,False,1108,False,False,False,good,mixed,steep,moderate,moderate,8838360
booni,commercial,2.21,True,1394,True,False,True,fair,mixed,moderate,moderate,moderate,1682289
booni,agricultural,24.24,True,303,False,True,True,poor,mixed,moderate,moderate,moderate,14351086
chitral-city,commercial,24.39,True,258,True,False,False,good,mixed,low,moderate,low,23612168
reshun,agricultural,24.25,True,1484,False,True,False,poor,sloped,steep,low,moderate,9860996
booni,agricultural,25.2,True,1227,False,False,False,good,sloped,moderate,high,low,12817351
balach,agricultural,24.43,True,869,False,False,True,fair,mixed,low,low,low,12184335
booni,agricultural,20.24,False,528,True,True,False,fair,flat,low,high,high,14816424
reshun,commercial,24.61,True,1270,False,True,True,good,mixed,low,moderate,high,12474136
balach,agricultural,3.94,False,1127,True,True,True,fair,flat,low,high,high,2454546
reshun,commercial,25.86,True,1137,True,True,False,good,sloped,steep,high,high,14896480
mastuj,agricultural,36.23,True,191,False,True,False,good,sloped,low,low,high,19646252
chitral-city,agricultural,22.33,True,266,False,False,True,good,mixed,steep,moderate,moderate,20209893
mastuj,residential,4.35,True,551,True,False,False,fair,mixed,steep,low,low,1965953
drosh,commercial,5.23,False,207,True,True,False,good,sloped,moderate,low,high,2896119
mastuj,commercial,7.72,False,1204,False,True,False,poor,sloped,moderate,low,high,2470566
booni,commercial,18.09,False,894,True,False,True,poor,mixed,moderate,high,high,11289455
balach,agricultural,29.47,False,239,False,False,True,fair,sloped,low,high,moderate,14280199
chitral-city,commercial,16.3,True,1495,False,False,True,fair,mixed,steep,moderate,low,12142992
booni,residential,23.31,True,810,True,True,False,good,flat,steep,moderate,moderate,16961522
balach,residential,21.1,True,564,False,True,True,fair,flat,moderate,moderate,moderate,11963662
mastuj,agricultural,24.87,True,890,True,True,True,fair,flat,low,low,high,14855941
reshun,residential,15.59,True,438,False,True,True,poor,mixed,steep,moderate,low,6812301
balach,residential,36.9,False,1159,True,False,False,good,flat,low,moderate,moderate,20720769
drosh,residential,11.96,True,898,False,True,True,good,mixed,moderate,low,high,5865303
booni,agricultural,30.71,False,153,True,False,True,good,sloped,steep,low,moderate,17035478
mastuj,residential,5.68,True,926,False,False,True,poor,mixed,steep,low,moderate,2017949
chitral-city,commercial,18.04,True,1451,False,False,False,good,mixed,steep,moderate,high,16372412
booni,agricultural,14.93,False,662,True,True,True,good,flat,steep,high,high,9447922
reshun,agricultural,39.8,True,1447,False,True,False,poor,flat,moderate,low,moderate,18224316
booni,residential,33.64,False,444,False,False,True,fair,sloped,steep,low,low,14254594
chitral-city,agricultural,16.15,True,796,False,True,True,poor,sloped,steep,high,high,12390619
balach,agricultural,22.15,False,386,True,False,False,fair,sloped,moderate,high,high,10810820
drosh,agricultural,17.6,False,912,False,True,True,fair,mixed,moderate,moderate,moderate,7770864
chitral-city,commercial,35.91,False,651,False,True,True,good,sloped,low,moderate,low,28083092
chitral-city,agricultural,32.36,False,287,True,False,False,good,mixed,low,low,moderate,25976744
mastuj,commercial,15.19,True,38,False,True,True,poor,flat,low,moderate,low,9336061
drosh,agricultural,38.64,False,1441,False,False,False,poor,mixed,steep,low,moderate,11940489
booni,residential,12.68,True,209,False,False,False,poor,flat,steep,low,low,7380096
mastuj,agricultural,20.29,False,1164,True,True,True,poor,sloped,steep,moderate,moderate,7834467
booni,agricultural,18.95,False,558,True,False,True,poor,sloped,low,low,low,8806907
chitral-city,residential,29.95,False,720,True,False,False,good,sloped,steep,moderate,high,17830597
mastuj,agricultural,39.0,True,774,False,True,False,poor,flat,steep,high,high,17694371
mastuj,agricultural,35.39,False,569,True,True,False,fair,mixed,steep,moderate,moderate,13784647
chitral-city,commercial,7.53,True,177,True,True,True,poor,sloped,moderate,moderate,high,7856911
reshun,commercial,39.13,True,943,False,False,True,poor,sloped,moderate,high,high,19057861
balach,agricultural,8.45,True,1156,False,True,True,fair,mixed,steep,low,high,4949444
booni,commercial,31.79,True,105,False,False,True,poor,mixed,steep,low,moderate,20706559
mastuj,residential,12.14,True,697,True,False,True,poor,sloped,steep,high,low,5424273
reshun,agricultural,18.74,False,1073,True,False,False,poor,mixed,moderate,moderate,high,7769958
chitral-city,agricultural,18.24,True,1115,False,True,False,good,sloped,low,moderate,high,16713200
booni,residential,26.39,False,513,True,True,False,good,sloped,steep,moderate,high,15985188
mastuj,commercial,24.01,True,1434,True,False,False,fair,sloped,steep,low,moderate,9552189
drosh,commercial,7.23,False,496,True,True,False,good,mixed,low,moderate,low,4554186
mastuj,commercial,10.6,False,353,True,True,True,poor,flat,steep,high,high,5103869
drosh,residential,37.86,True,373,True,True,True,poor,flat,low,low,low,20673456
balach,residential,2.62,False,964,False,False,True,poor,flat,steep,high,high,1168624
mastuj,commercial,20.27,False,269,True,True,False,poor,mixed,moderate,low,moderate,8321931
reshun,residential,36.11,False,673,True,True,True,fair,mixed,moderate,high,high,15911294
chitral-city,agricultural,17.53,False,1405,True,True,True,poor,sloped,low,moderate,moderate,14041991
booni,agricultural,33.06,False,694,False,False,True,fair,flat,steep,low,moderate,16112309
reshun,agricultural,18.04,True,171,True,False,False,fair,flat,steep,low,high,10068225
balach,agricultural,2.06,False,1129,False,True,False,good,sloped,moderate,high,moderate,785473
mastuj,residential,15.96,True,900,False,True,False,good,flat,moderate,high,high,8079591
mastuj,agricultural,8.05,False,51,True,False,True,fair,sloped,steep,high,high,3359017
mastuj,residential,15.84,False,1231,False,True,False,fair,flat,steep,moderate,moderate,5158817
mastuj,residential,6.81,True,291,False,False,False,good,sloped,steep,high,low,2991038
chitral-city,residential,23.03,True,1190,False,True,True,fair,mixed,moderate,high,moderate,22278391
booni,agricultural,20.49,False,1466,True,True,False,fair,mixed,steep,low,low,8938039
reshun,commercial,22.95,False,208,False,True,False,fair,flat,low,low,high,11985827
chitral-city,commercial,24.33,False,129,False,False,False,poor,flat,steep,moderate,high,17447768
drosh,residential,14.12,True,25,True,True,False,fair,flat,steep,high,low,10158778
booni,residential,26.02,True,1462,False,False,False,poor,mixed,low,low,low,13739036
drosh,residential,21.12,False,1496,False,True,True,poor,mixed,steep,high,high,8203760
reshun,agricultural,29.25,True,204,True,False,True,fair,sloped,moderate,low,moderate,13321902
chitral-city,commercial,26.38,True,207,True,False,True,good,flat,moderate,low,high,24680585
balach,agricultural,5.07,True,762,True,False,True,good,flat,low,low,low,3009046
drosh,commercial,13.93,True,29,False,False,True,good,sloped,moderate,high,high,8260839
chitral-city,residential,32.81,True,1182,False,False,True,fair,mixed,low,high,moderate,26655987
drosh,residential,17.71,True,1298,True,False,True,fair,sloped,low,low,high,9217863
booni,agricultural,14.63,True,740,False,True,True,poor,mixed,moderate,low,high,9427988
chitral-city,commercial,31.03,True,710,True,False,True,fair,mixed,steep,moderate,low,29329829
drosh,residential,24.35,True,1489,False,False,True,good,mixed,low,moderate,low,12109142
reshun,agricultural,17.42,True,1126,True,False,False,poor,mixed,moderate,moderate,high,7379395
chitral-city,agricultural,25.56,False,183,False,False,True,poor,sloped,low,high,low,15715664
mastuj,agricultural,36.29,False,239,True,False,False,good,flat,steep,high,low,14258099
booni,residential,39.88,False,1059,False,True,True,poor,mixed,moderate,high,moderate,22298317
booni,commercial,28.7,True,1318,True,False,False,poor,mixed,moderate,high,low,21849946
booni,residential,27.34,True,916,False,False,True,poor,flat,moderate,high,low,15786234
booni,agricultural,10.15,True,730,False,False,False,poor,mixed,moderate,low,moderate,4916343
drosh,commercial,9.27,True,969,True,False,False,good,flat,low,high,low,5622209
drosh,agricultural,38.38,True,642,True,True,True,poor,mixed,moderate,low,low,22107437
drosh,residential,21.25,False,151,True,False,True,poor,sloped,moderate,high,high,10827623
mastuj,agricultural,15.15,True,785,False,True,True,fair,mixed,low,low,low,6356881
drosh,commercial,37.74,True,1339,True,False,False,good,flat,low,high,moderate,26255874
drosh,agricultural,3.68,True,1000,False,True,True,good,flat,steep,moderate,moderate,1982952
chitral-city,residential,2.78,False,1025,False,False,True,fair,mixed,low,low,low,1698060
booni,residential,20.74,False,661,False,True,False,poor,mixed,low,moderate,high,10896842
mastuj,residential,25.85,True,468,True,False,False,poor,flat,low,high,low,13568184
reshun,agricultural,33.88,True,749,True,True,False,good,mixed,low,low,low,17683395
booni,residential,16.59,False,470,True,True,False,good,mixed,moderate,moderate,high,10578159
